-- MySQL dump 10.13  Distrib 5.6.23, for Win64 (x86_64)
--
-- Host: localhost    Database: court_db
-- ------------------------------------------------------
-- Server version	5.6.25-log

/*!40101 SET @OLD_CHARACTER_SET_CLIENT=@@CHARACTER_SET_CLIENT */;
/*!40101 SET @OLD_CHARACTER_SET_RESULTS=@@CHARACTER_SET_RESULTS */;
/*!40101 SET @OLD_COLLATION_CONNECTION=@@COLLATION_CONNECTION */;
/*!40101 SET NAMES utf8 */;
/*!40103 SET @OLD_TIME_ZONE=@@TIME_ZONE */;
/*!40103 SET TIME_ZONE='+00:00' */;
/*!40014 SET @OLD_UNIQUE_CHECKS=@@UNIQUE_CHECKS, UNIQUE_CHECKS=0 */;
/*!40014 SET @OLD_FOREIGN_KEY_CHECKS=@@FOREIGN_KEY_CHECKS, FOREIGN_KEY_CHECKS=0 */;
/*!40101 SET @OLD_SQL_MODE=@@SQL_MODE, SQL_MODE='NO_AUTO_VALUE_ON_ZERO' */;
/*!40111 SET @OLD_SQL_NOTES=@@SQL_NOTES, SQL_NOTES=0 */;

--
-- Table structure for table `case`
--

DROP TABLE IF EXISTS `case`;
/*!40101 SET @saved_cs_client     = @@character_set_client */;
/*!40101 SET character_set_client = utf8 */;
CREATE TABLE `case` (
  `idcase` int(11) NOT NULL AUTO_INCREMENT,
  `number` int(11) DEFAULT NULL,
  `name` text,
  `case_date` date DEFAULT NULL,
  `ruling` varchar(45) DEFAULT NULL,
  `document` varchar(255) DEFAULT NULL,
  `court_president` text,
  `court_vice` text,
  `court_registrar` text,
  PRIMARY KEY (`idcase`)
) ENGINE=InnoDB AUTO_INCREMENT=276 DEFAULT CHARSET=utf8;
/*!40101 SET character_set_client = @saved_cs_client */;

--
-- Dumping data for table `case`
--

LOCK TABLES `case` WRITE;
/*!40000 ALTER TABLE `case` DISABLE KEYS */;
INSERT INTO `case` VALUES (1,152,'Construction of a Road in Costa Rica along the San Juan River','2013-12-13','Order','D:\\copenhagen\\cases-95-2013\\17838.pdf','Tomka','Sepúlveda-Amor','Couvreur'),(2,154,'Question of the Delimitation of the Continental Shelf between Nicaragua and Colombia beyond 200 nautical miles from the Nicaraguan Coast','2013-12-09','Order','D:\\copenhagen\\cases-95-2013\\17916.pdf','Tomka','Sepúlveda‑amor','Couvreur'),(3,150,'Certain Activities carried out by Nicaragua in the Border Area','2013-11-22','Order','D:\\copenhagen\\cases-95-2013\\17772.pdf','Tomka','Sepúlveda-Amor','Couvreur'),(4,151,'Request for Interpretation of the Judgment of 15 June 1962 in the Case concerning the Temple of Preah Vihear (Cambodia v. Thailand)','2013-11-11','Judgment','D:\\copenhagen\\cases-95-2013\\17704.pdf','Tomka','Sepúlveda-Amor','Couvreur'),(5,138,'Aerial Herbicide Spraying','2013-09-13','Order','D:\\copenhagen\\cases-95-2013\\17528.pdf','Peter Tomka',NULL,'Philippe Couvreur'),(6,150,'Certain Activities carried out by Nicaragua in the Border Area','2013-07-16','Order','D:\\copenhagen\\cases-95-2013\\17500.pdf','Tomka','Sepúlveda-Amor','Couvreur'),(7,149,'Frontier Dispute','2013-07-12','Order','D:\\copenhagen\\cases-95-2013\\17472.pdf','Tomka','Sepúlveda-Amor','Couvreur'),(8,153,'Obligation to Negotiate Access to the Pacific Ocean','2013-06-18','Order','D:\\copenhagen\\cases-95-2013\\17392.pdf','Tomka','Sepúlveda-Amor','Couvreur'),(9,150,'Certain Activities carried out by Nicaragua in the Border Area','2013-04-18','Order','D:\\copenhagen\\cases-95-2013\\17358.pdf','Tomka','Sepúlveda-Amor','Couvreur'),(10,152,'Construction of a Road in Costa Rica along the San Juan River','2013-04-18','Order','D:\\copenhagen\\cases-95-2013\\17362.pdf','Tomka','Sepúlveda-Amor','Couvreur'),(11,150,'Certain Activities carried out by Nicaragua in the Border Area','2013-04-17','Order','D:\\copenhagen\\cases-95-2013\\17350.pdf','Tomka','Sepúlveda-Amor','Couvreur'),(12,152,'Construction of a Road in Costa Rica along the San Juan River','2013-04-17','Order','D:\\copenhagen\\cases-95-2013\\17354.pdf','Tomka','Sepúlveda-Amor','Couvreur'),(13,149,'Frontier Dispute','2013-04-16','Judgment','D:\\copenhagen\\cases-95-2013\\17306.pdf','Tomka','Sepúlveda-Amor','Couvreur'),(14,148,'Whaling in the Antarctic','2013-02-06','Order','D:\\copenhagen\\cases-95-2013\\17268.pdf','Tomka','Sepúlveda-Amor','Couvreur'),(15,124,'Territorial and Maritime Dispute','2012-11-19','Judgment','D:\\copenhagen\\cases-95-2013\\17164.pdf','Tomka','Sepúlveda-Amor','Couvreur'),(16,144,'Questions relating to the Obligation to Prosecute or Extradite','2012-07-20','Judgment','D:\\copenhagen\\cases-95-2013\\17064.pdf','Tomka','Sepúlveda-Amor','Couvreur'),(17,103,'Ahmadou Sadio Diallo','2012-06-19','Judgment','D:\\copenhagen\\cases-95-2013\\17044.pdf','Tomka','Sepúlveda-Amor','Couvreur'),(18,143,'Jurisdictional Immunities of the State','2012-02-03','Judgment','D:\\copenhagen\\cases-95-2013\\16883.pdf','Owada','Tomka','Couvreur'),(19,146,'Judgment No.2867 of the Administrative Tribunal of the International Labour Organization upon a Complaint Filed against the International Fund for Agricultural Development','2012-02-01','Advisory Opinion','D:\\copenhagen\\cases-95-2013\\16871.pdf','Owada','Tomka','Couvreur'),(20,118,'Application of the Convention on the Prevention and Punishment of the Crime of Genocide','2012-01-23','Order','D:\\copenhagen\\cases-95-2013\\16903.pdf','Owada','Tomka','Couvreur'),(21,152,'Construction of a Road in Costa Rica along the San Juan River','2012-01-23','Order','D:\\copenhagen\\cases-95-2013\\16901.pdf','Owada','Tomka','Couvreur'),(22,142,'Application of the Interim Accord of 13 September 1995','2011-12-05','Judgment','D:\\copenhagen\\cases-95-2013\\16827.pdf','Owada','Tomka','Couvreur'),(23,138,'Aerial Herbicide Spraying','2011-10-19','Order','D:\\copenhagen\\cases-95-2013\\16725.pdf','Hisashi Owada',NULL,NULL),(24,103,'Ahmadou Sadio Diallo','2011-09-20','Order','D:\\copenhagen\\cases-95-2013\\16699.pdf','Owada','Tomka','Couvreur'),(25,151,'Request for Interpretation of the Judgment of 15 June 1962 in the Case concerning the Temple of Preah Vihear (Cambodia v. Thailand)','2011-07-18','Order','D:\\copenhagen\\cases-95-2013\\16564.pdf','Owada','Tomka','Couvreur'),(26,144,'Questions relating to the Obligation to Prosecute or Extradite','2011-07-11','Order','D:\\copenhagen\\cases-95-2013\\16588.pdf','Hisashi Owada',NULL,NULL),(27,143,'Jurisdictional Immunities of the State','2011-07-04','Order','D:\\copenhagen\\cases-95-2013\\16556.pdf','Owada','Tomka','Couvreur'),(28,124,'Territorial and Maritime Dispute','2011-05-04','Judgment','D:\\copenhagen\\cases-95-2013\\16482.pdf','Owada','Tomka','Couvreur'),(29,124,'Territorial and Maritime Dispute','2011-05-04','Judgment','D:\\copenhagen\\cases-95-2013\\16500.pdf','Owada','Tomka','Couvreur'),(30,145,'Jurisdiction and Enforcement of Judgments in Civil and Commercial Matters','2011-04-05','Order','D:\\copenhagen\\cases-95-2013\\16460.pdf','Owada','Tomka','Couvreur'),(31,150,'Certain Activities carried out by Nicaragua in the Border Area','2011-04-05','Order','D:\\copenhagen\\cases-95-2013\\16462.pdf','Owada','Tomka','Couvreur'),(32,140,'Application of the International Convention on the Elimination of All Forms of Racial Discrimination','2011-04-01','Judgment','D:\\copenhagen\\cases-95-2013\\16398.pdf','Owada','Tomka','Couvreur'),(33,150,'Certain Activities carried out by Nicaragua in the Border Area','2011-03-08','Order','D:\\copenhagen\\cases-95-2013\\16324.pdf','Owada','Tomka','Couvreur'),(34,146,'Judgment No.2867 of the Administrative Tribunal of the International Labour Organization upon a Complaint Filed against the International Fund for Agricultural Development','2011-01-24','Order','D:\\copenhagen\\cases-95-2013\\16308.pdf','Hisashi Owada',NULL,'Philippe Couvreur'),(35,103,'Ahmadou Sadio Diallo','2010-11-30','Judgment','D:\\copenhagen\\cases-95-2013\\16244.pdf','Owada','Tomka','Couvreur'),(36,129,'Certain Criminal Proceedings in France','2010-11-16','Order','D:\\copenhagen\\cases-95-2013\\16266.pdf','Owada','Tomka','Couvreur'),(37,149,'Frontier Dispute','2010-09-14','Order','D:\\copenhagen\\cases-95-2013\\16117.pdf','Owada','Tomka','Couvreur'),(38,145,'Jurisdiction and Enforcement of Judgments in Civil and Commercial Matters','2010-08-10','Order','D:\\copenhagen\\cases-95-2013\\16063.pdf','Hisashi Owada',NULL,NULL),(39,141,'Accordance with international law of the unilateral declaration of independence in respect of Kosovo','2010-07-22','Advisory Opinion','D:\\copenhagen\\cases-95-2013\\15987.pdf','Owada','Tomka','Couvreur'),(40,148,'Whaling in the Antarctic','2010-07-13','Order','D:\\copenhagen\\cases-95-2013\\15985.pdf','Owada','T','Couvreur'),(41,143,'Jurisdictional Immunities of the State','2010-07-06','Order','D:\\copenhagen\\cases-95-2013\\16027.pdf','Owada','Tomka','Couvreur'),(42,138,'Aerial Herbicide Spraying','2010-06-25','Order','D:\\copenhagen\\cases-95-2013\\15967.pdf','Owada','Tomka','Couvreur'),(43,147,'Certain Questions concerning Diplomatic Relations','2010-05-12','Order','D:\\copenhagen\\cases-95-2013\\15939.pdf','Hisashi Owada',NULL,NULL),(44,146,'Judgment No.2867 of the Administrative Tribunal of the International Labour Organization upon a Complaint Filed against the International Fund for Agricultural Development','2010-04-29','Order','D:\\copenhagen\\cases-95-2013\\15931.pdf',NULL,'Tomka','Couvreur'),(45,137,'Maritime Dispute','2010-04-27','Order','D:\\copenhagen\\cases-95-2013\\15917.pdf',NULL,'Tomka','Couvreur'),(46,135,'Pulp Mills on the River Uruguay','2010-04-20','Judgment','D:\\copenhagen\\cases-95-2013\\15877.pdf',NULL,'T','Couvreur'),(47,142,'Application of the Interim Accord of 13 September 1995','2010-03-12','Order','D:\\copenhagen\\cases-95-2013\\15865.pdf','Owada','Tomka','Couvreur'),(48,118,'Application of the Convention on the Prevention and Punishment of the Crime of Genocide','2010-02-04','Order','D:\\copenhagen\\cases-95-2013\\15919.pdf','Owada','Tomka',NULL),(49,145,'Jurisdiction and Enforcement of Judgments in Civil and Commercial Matters','2010-02-04','Order','D:\\copenhagen\\cases-95-2013\\15863.pdf','Owada','Tomka','Couvreur'),(50,140,'Application of the International Convention on the Elimination of All Forms of Racial Discrimination','2009-12-11','Order','D:\\copenhagen\\cases-95-2013\\15748.pdf','Owada','Tomka','Couvreur'),(51,129,'Certain Criminal Proceedings in France','2009-11-16','Order','D:\\copenhagen\\cases-95-2013\\15601.pdf','Owada','Tomka',NULL),(52,133,'Dispute regarding Navigational and Related Rights','2009-07-13','Judgment','D:\\copenhagen\\cases-95-2013\\15321.pdf','Owada',NULL,'Couvreur'),(53,144,'Questions relating to the Obligation to Prosecute or Extradite','2009-07-09','Order','D:\\copenhagen\\cases-95-2013\\15347.pdf','Owada','Tomka','Couvreur'),(54,144,'Questions relating to the Obligation to Prosecute or Extradite','2009-05-28','Order','D:\\copenhagen\\cases-95-2013\\15149.pdf','Owada',NULL,'Couvreur'),(55,143,'Jurisdictional Immunities of the State','2009-04-29','Order','D:\\copenhagen\\cases-95-2013\\15127.pdf','Owada','Tomka',NULL),(56,132,'Maritime Delimitation in the Black Sea','2009-02-03','Judgment','D:\\copenhagen\\cases-95-2013\\14987.pdf','Higgins','Al-Khasawneh','Couvreur'),(57,118,'Application of the Convention on the Prevention and Punishment of the Crime of Genocide','2009-01-20','Order','D:\\copenhagen\\cases-95-2013\\14965.pdf','Higgins','Al-Khasawneh','Couvreur'),(58,142,'Application of the Interim Accord of 13 September 1995','2009-01-20','Order','D:\\copenhagen\\cases-95-2013\\14963.pdf','Higgins','Al-Khasawneh','Couvreur'),(59,139,'Request for Interpretation of the Judgment of 31 March 2004 in the Case concerning Avena and Other Mexican Nationals (Mexico v. United States of America)','2009-01-19','Judgment','D:\\copenhagen\\cases-95-2013\\14939.pdf','Higgins','Al-Khasawneh','Couvreur'),(60,124,'Territorial and Maritime Dispute','2008-12-18','Order','D:\\copenhagen\\cases-95-2013\\14919.pdf','Higgins','Al-Khasawneh','Couvreur'),(61,140,'Application of the International Convention on the Elimination of All Forms of Racial Discrimination','2008-12-02','Order','D:\\copenhagen\\cases-95-2013\\14915.pdf','Rosalyn Higgins',NULL,NULL),(62,118,'Application of the Convention on the Prevention and Punishment of the Crime of Genocide','2008-11-18','Judgment','D:\\copenhagen\\cases-95-2013\\14891.pdf','Higgins','Al-Khasawneh','Couvreur'),(63,141,'Accordance with international law of the unilateral declaration of independence in respect of Kosovo','2008-10-17','Order','D:\\copenhagen\\cases-95-2013\\14813.pdf','Higgins','Al-Khasawneh','Couvreur'),(64,140,'Application of the International Convention on the Elimination of All Forms of Racial Discrimination','2008-10-15','Order','D:\\copenhagen\\cases-95-2013\\14801.pdf','Higgins','Al-Khasawneh','Couvreur'),(65,139,'Request for Interpretation of the Judgment of 31 March 2004 in the Case concerning Avena and Other Mexican Nationals (Mexico v. United States of America)','2008-07-16','Order','D:\\copenhagen\\cases-95-2013\\14639.pdf','Higgins','Al-Khasawneh',NULL),(66,136,'Certain Questions of Mutual Assistance in Criminal Matters','2008-06-04','Judgment','D:\\copenhagen\\cases-95-2013\\14550.pdf','Higgins','Al-Khasawneh','Couvreur'),(67,138,'Aerial Herbicide Spraying','2008-05-30','Order','D:\\copenhagen\\cases-95-2013\\14629.pdf','Higgins','Al-Khasawneh','Couvreur'),(68,130,'Sovereignty over Pedra Branca/Pulau Batu Puteh, Middle Rocks and South Ledge','2008-05-23','Judgment','D:\\copenhagen\\cases-95-2013\\14492.pdf',NULL,'T','Couvreur'),(69,103,'Ahmadou Sadio Diallo','2008-05-05','Order','D:\\copenhagen\\cases-95-2013\\14486.pdf','Higgins',NULL,'Couvreur'),(70,137,'Maritime Dispute','2008-03-31','Order','D:\\copenhagen\\cases-95-2013\\14627.pdf','Higgins','Al-Khasawneh','Couvreur'),(71,124,'Territorial and Maritime Dispute','2008-02-11','Order','D:\\copenhagen\\cases-95-2013\\14463.pdf','Rosalyn Higgins',NULL,NULL),(72,124,'Territorial and Maritime Dispute','2007-12-13','Judgment','D:\\copenhagen\\cases-95-2013\\14305.pdf','Higgins','Al-Khasawneh','Couvreur'),(73,133,'Dispute regarding Navigational and Related Rights','2007-10-09','Order','D:\\copenhagen\\cases-95-2013\\14089.pdf','Higgins','Al-Khasawneh','Couvreur'),(74,120,'Territorial and Maritime Dispute between Nicaragua and Honduras in the Caribbean Sea','2007-10-08','Judgment','D:\\copenhagen\\cases-95-2013\\14075.pdf','Higgins','Al-Khasawneh','Couvreur'),(75,135,'Pulp Mills on the River Uruguay','2007-09-14','Order','D:\\copenhagen\\cases-95-2013\\14051.pdf','Higgins','Al-Khasawneh','Couvreur'),(76,103,'Ahmadou Sadio Diallo','2007-06-27','Order','D:\\copenhagen\\cases-95-2013\\13915.pdf','Higgins','Al-Khasawneh','Couvreur'),(77,132,'Maritime Delimitation in the Black Sea','2007-06-08','Order','D:\\copenhagen\\cases-95-2013\\13893.pdf','Higgins','Al-Khasawneh','Couvreur'),(78,103,'Ahmadou Sadio Diallo','2007-05-24','Judgment','D:\\copenhagen\\cases-95-2013\\13856.pdf','Higgins','Al-Khasawneh','Couvreur'),(79,91,'Application of the Convention on the Prevention and Punishment of the Crime of Genocide','2007-02-26','Judgment','D:\\copenhagen\\cases-95-2013\\13685.pdf','Higgins','Al-Khasawneh','Couvreur'),(80,135,'Pulp Mills on the River Uruguay','2007-01-23','Order','D:\\copenhagen\\cases-95-2013\\13615.pdf','Higgins','Al-Khasawneh','Couvreur'),(81,136,'Certain Questions of Mutual Assistance in Criminal Matters','2006-11-15','Order','D:\\copenhagen\\cases-95-2013\\13854.pdf','Higgins','Al-Khasawneh','Couvreur'),(82,135,'Pulp Mills on the River Uruguay','2006-07-13','Order','D:\\copenhagen\\cases-95-2013\\11235.pdf','Higgins','Al-Khasawneh','Couvreur'),(83,135,'Pulp Mills on the River Uruguay','2006-07-13','Order','D:\\copenhagen\\cases-95-2013\\11247.pdf','Higgins',NULL,'Couvreur'),(84,132,'Maritime Delimitation in the Black Sea','2006-06-30','Order','D:\\copenhagen\\cases-95-2013\\11143.pdf','Higgins','H','Couvreur'),(85,134,'Status vis-à-vis the Host State of a Diplomatic Envoy to the United Nations','2006-06-09','Order','D:\\copenhagen\\cases-95-2013\\11039.pdf','Higgins','Al-Khasawneh','Couvreur'),(86,126,'Armed Activities on the Territory of the Congo (New Application: 2002)','2006-02-03','Judgment','D:\\copenhagen\\cases-95-2013\\10435.pdf','Shi','Ranjeva','Couvreur'),(87,129,'Certain Criminal Proceedings in France','2006-01-11','Order','D:\\copenhagen\\cases-95-2013\\11069.pdf','Shi','Ranjeva','Couvreur'),(88,116,'Armed Activities on the Territory of the Congo','2005-12-19','Judgment','D:\\copenhagen\\cases-95-2013\\10455.pdf','Shi','Ranjeva','Couvreur'),(89,133,'Dispute regarding Navigational and Related Rights','2005-11-29','Order','D:\\copenhagen\\cases-95-2013\\9289.pdf','Shi','Ranjeva','Couvreur'),(90,125,'Frontier Dispute','2005-07-12','Judgment','D:\\copenhagen\\cases-95-2013\\8228.pdf',NULL,NULL,'Couvreur'),(91,129,'Certain Criminal Proceedings in France','2005-07-11','Order','D:\\copenhagen\\cases-95-2013\\11071.pdf','Shi Jiuyong',NULL,NULL),(92,125,'Frontier Dispute','2005-02-16','Order','D:\\copenhagen\\cases-95-2013\\11047.pdf','Shi','Ranjeva','Couvreur'),(93,123,'Certain Property','2005-02-10','Judgment','D:\\copenhagen\\cases-95-2013\\8234.pdf','Shi','Ranjeva','Couvreur'),(94,130,'Sovereignty over Pedra Branca/Pulau Batu Puteh, Middle Rocks and South Ledge','2005-02-01','Order','D:\\copenhagen\\cases-95-2013\\11065.pdf','Shi','Ranjeva','Couvreur'),(95,129,'Certain Criminal Proceedings in France','2004-12-29','Order','D:\\copenhagen\\cases-95-2013\\11067.pdf',NULL,NULL,NULL),(96,105,'Legality of Use of Force','2004-12-15','Judgment','D:\\copenhagen\\cases-95-2013\\8440.pdf','Shi','Ranjeva','Couvreur'),(97,106,'Legality of Use of Force','2004-12-15','Judgment','D:\\copenhagen\\cases-95-2013\\8454.pdf','Shi','Ranjeva','Couvreur'),(98,107,'Legality of Use of Force','2004-12-15','Judgment','D:\\copenhagen\\cases-95-2013\\8468.pdf','Shi','Ranjeva','Couvreur'),(99,108,'Legality of Use of Force','2004-12-15','Judgment','D:\\copenhagen\\cases-95-2013\\8482.pdf','Shi','Ranjeva','Couvreur'),(100,109,'Legality of Use of Force','2004-12-15','Judgment','D:\\copenhagen\\cases-95-2013\\8496.pdf','Shi','Ranjeva','Couvreur'),(101,110,'Legality of Use of Force','2004-12-15','Judgment','D:\\copenhagen\\cases-95-2013\\8510.pdf','Shi','Ranjeva','Couvreur'),(102,111,'Legality of Use of Force','2004-12-15','Judgment','D:\\copenhagen\\cases-95-2013\\8524.pdf','Shi','Ranjeva','Couvreur'),(103,113,'Legality of Use of Force','2004-12-15','Judgment','D:\\copenhagen\\cases-95-2013\\8538.pdf','Shi','Ranjeva','Couvreur'),(104,129,'Certain Criminal Proceedings in France','2004-12-08','Order','D:\\copenhagen\\cases-95-2013\\11073.pdf','Shi Jiuyong',NULL,NULL),(105,132,'Maritime Delimitation in the Black Sea','2004-11-19','Order','D:\\copenhagen\\cases-95-2013\\8216.pdf','Shi','Ranjeva','Couvreur'),(106,125,'Frontier Dispute','2004-07-09','Order','D:\\copenhagen\\cases-95-2013\\11049.pdf',NULL,NULL,NULL),(107,131,'Legal Consequences of the Construction of a Wall in the Occupied Palestinian Territory \n\nAdvisory Opinion of 9 July 2004','2004-07-09','Advisory Opinion','D:\\copenhagen\\cases-95-2013\\1671.pdf','Shi','Ranjeva',NULL),(108,129,'Certain Criminal Proceedings in France','2004-06-17','Order','D:\\copenhagen\\cases-95-2013\\8220.pdf','Shi','Ranjeva','Couvreur'),(109,128,'Avena and Other Mexican Nationals','2004-03-31','Judgment','D:\\copenhagen\\cases-95-2013\\8188.pdf','Shi','Ranjeva',NULL),(110,131,'Legal Consequences of the Construction of a Wall in the Occupied Palestinian Territory \n\nComposition of the Court','2004-01-30','Order','D:\\copenhagen\\cases-95-2013\\1533.pdf','Shi','Ranjeva','Couvreur'),(111,131,'Legal Consequences of the Construction of a Wall in the Occupied Palestinian Territory \n\nFixing of time-limit: Written Statements','2003-12-19','Order','D:\\copenhagen\\cases-95-2013\\1527.pdf','S\'hi','Ranjeva Judges Guillaume, Koroma, Vereshchetin, Higgins, Parr,\\-Aranguren, Kooij- Mans, Rezek, Al-Khasawneh, Buep~genthal, Elaraby, Owada, Siilima, Tomka','Couvreur'),(112,127,'Application for Revision of the Judgment of 11 September 1992 in the Case concerning the Land, Island and Maritime Frontier Dispute (El Salvador/Honduras: Nicaragua intervening)','2003-12-18','Judgment','D:\\copenhagen\\cases-95-2013\\8222.pdf',NULL,NULL,NULL),(113,90,'Oil Platforms','2003-11-06','Judgment','D:\\copenhagen\\cases-95-2013\\9715.pdf','Shi','Ranjeva',NULL),(114,124,'Territorial and Maritime Dispute','2003-09-24','Order','D:\\copenhagen\\cases-95-2013\\8150.pdf','Shi Jiuyong',NULL,'Philippe Couvreur'),(115,125,'Frontier Dispute','2003-09-11','Order','D:\\copenhagen\\cases-95-2013\\8156.pdf','Gilbert Guillaume',NULL,'Philippe Couvreur'),(116,88,'Questions of Interpretation and Application of the 1971 Montreal Convention arising from the Aerial Incident at Lockerbie','2003-09-10','Order','D:\\copenhagen\\cases-95-2013\\7121.pdf',NULL,NULL,NULL),(117,89,'Questions of Interpretation and Application of the 1971 Montreal Convention arising from the Aerial Incident at Lockerbie','2003-09-10','Order','D:\\copenhagen\\cases-95-2013\\7247.pdf','S Hi Jiuyong',NULL,NULL),(118,130,'Sovereignty over Pedra Branca/Pulau Batu Puteh, Middle Rocks and South Ledge','2003-09-01','Order','D:\\copenhagen\\cases-95-2013\\1783.pdf','S Hi Jiuyong',NULL,NULL),(119,129,'Certain Criminal Proceedings in France','2003-07-11','Order','D:\\copenhagen\\cases-95-2013\\8212.pdf',NULL,NULL,'Philippe Couvreur'),(120,129,'Certain Criminal Proceedings in France','2003-06-17','Order','D:\\copenhagen\\cases-95-2013\\8204.pdf',NULL,NULL,NULL),(121,128,'Avena and Other Mexican Nationals','2003-05-22','Order','D:\\copenhagen\\cases-95-2013\\8186.pdf','Shi Jiuyong',NULL,'Philippe Couvreur'),(122,128,'Avena and Other Mexican Nationals','2003-02-05','Order','D:\\copenhagen\\cases-95-2013\\8180.pdf','Guillaume','Shi','Couvreur'),(123,128,'Avena and Other Mexican Nationals','2003-02-05','Order','D:\\copenhagen\\cases-95-2013\\8184.pdf','Guillaume','Shi',NULL),(124,122,'Application for Revision of the Judgment of 11 July 1996 in the Case concerning Application of the Convention on the Prevention and Punishment of the Crime of Genocide (Bosnia and Herzegovina v. Yugoslavia), Preliminary Objections','2003-02-03','Judgment','D:\\copenhagen\\cases-95-2013\\8248.pdf',NULL,NULL,NULL),(125,116,'Armed Activities on the Territory of the Congo','2003-01-29','Order','D:\\copenhagen\\cases-95-2013\\8072.pdf','Guillaume','Shi',NULL),(126,102,'Sovereignty over Pulau Ligitan and Pulau Sipadan','2002-12-17','Judgment','D:\\copenhagen\\cases-95-2013\\7714.pdf','Guillaume','Shi','Couvrecr'),(127,125,'Frontier Dispute','2002-11-27','Order','D:\\copenhagen\\cases-95-2013\\8152.pdf',NULL,'Shi',NULL),(128,127,'Application for Revision of the Judgment of 11 September 1992 in the Case concerning the Land, Island and Maritime Frontier Dispute (El Salvador/Honduras: Nicaragua intervening)','2002-11-27','Order','D:\\copenhagen\\cases-95-2013\\8176.pdf','Guillaume','Shi','Couvreur'),(129,118,'Application of the Convention on the Prevention and Punishment of the Crime of Genocide','2002-11-14','Order','D:\\copenhagen\\cases-95-2013\\8084.pdf','Guillaume',NULL,'Couvreur'),(130,103,'Ahmadou Sadio Diallo','2002-11-07','Order','D:\\copenhagen\\cases-95-2013\\7724.pdf','Guillaume','Shi','Couvreur'),(131,116,'Armed Activities on the Territory of the Congo','2002-11-07','Order','D:\\copenhagen\\cases-95-2013\\8070.pdf','Guillaume','Shi','Couvreur'),(132,94,'Land and Maritime Boundary between Cameroon and Nigeria','2002-10-10','Judgment','D:\\copenhagen\\cases-95-2013\\7453.pdf',NULL,'Shi',NULL),(133,126,'Armed Activities on the Territory of the Congo (New Application: 2002)','2002-09-18','Order','D:\\copenhagen\\cases-95-2013\\8172.pdf','Guillaume','Shi',NULL),(134,123,'Certain Property','2002-07-12','Order','D:\\copenhagen\\cases-95-2013\\8146.pdf','Gilbert Guillaume',NULL,'Gilbert Guillaume, President. (sigrzed) Philippe Couvreur'),(135,126,'Armed Activities on the Territory of the Congo (New Application: 2002)','2002-07-10','Order','D:\\copenhagen\\cases-95-2013\\8158.pdf','Guillacime',NULL,NULL),(136,120,'Territorial and Maritime Dispute between Nicaragua and Honduras in the Caribbean Sea','2002-06-13','Order','D:\\copenhagen\\cases-95-2013\\8104.pdf',NULL,NULL,NULL),(137,105,'Legality of Use of Force','2002-03-20','Order','D:\\copenhagen\\cases-95-2013\\7818.pdf',NULL,NULL,NULL),(138,106,'Legality of Use of Force','2002-03-20','Order','D:\\copenhagen\\cases-95-2013\\7846.pdf',NULL,NULL,NULL),(139,107,'Legality of Use of Force','2002-03-20','Order','D:\\copenhagen\\cases-95-2013\\7872.pdf',NULL,'T',NULL),(140,108,'Legality of Use of Force','2002-03-20','Order','D:\\copenhagen\\cases-95-2013\\7896.pdf','Guillaume','Shi, Acting Pvesident',NULL),(141,109,'Legality of Use of Force','2002-03-20','Order','D:\\copenhagen\\cases-95-2013\\7922.pdf','Guillaume','T',NULL),(142,110,'Legality of Use of Force','2002-03-20','Order','D:\\copenhagen\\cases-95-2013\\7950.pdf',NULL,NULL,NULL),(143,111,'Legality of Use of Force','2002-03-20','Order','D:\\copenhagen\\cases-95-2013\\7978.pdf',NULL,NULL,NULL),(144,113,'Legality of Use of Force','2002-03-20','Order','D:\\copenhagen\\cases-95-2013\\8034.pdf',NULL,NULL,'Shi Jiuyong, Vice-President (sigtzed) Philippe Couvreur'),(145,124,'Territorial and Maritime Dispute','2002-02-26','Order','D:\\copenhagen\\cases-95-2013\\8148.pdf','Gilbert Guillaume',NULL,'Philippe Couvreur'),(146,121,'Arrest Warrant of 11 April 2000','2002-02-14','Judgment','D:\\copenhagen\\cases-95-2013\\8126.pdf',NULL,NULL,NULL),(147,116,'Armed Activities on the Territory of the Congo','2001-11-29','Order','D:\\copenhagen\\cases-95-2013\\8066.pdf','Guillaume',NULL,NULL),(148,102,'Sovereignty over Pulau Ligitan and Pulau Sipadan','2001-10-23','Judgment','D:\\copenhagen\\cases-95-2013\\7698.pdf','Guillaume: V~l',NULL,NULL),(149,91,'Application of the Convention on the Prevention and Punishment of the Crime of Genocide','2001-09-10','Order','D:\\copenhagen\\cases-95-2013\\13102.pdf',NULL,NULL,NULL),(150,90,'Oil Platforms','2001-08-28','Order','D:\\copenhagen\\cases-95-2013\\9747.pdf',NULL,NULL,'Philippe Couvreur'),(151,123,'Certain Property','2001-06-28','Order','D:\\copenhagen\\cases-95-2013\\9761.pdf','Guillaume','Shi','Couvreur'),(152,104,'LaGrand','2001-06-27','Judgment','D:\\copenhagen\\cases-95-2013\\7736.pdf','Guillaume','Shi','Couvreur'),(153,121,'Arrest Warrant of 11 April 2000','2001-06-27','Order','D:\\copenhagen\\cases-95-2013\\11045.pdf','Guillaume','Shi','Couvreur'),(154,121,'Arrest Warrant of 11 April 2000','2001-04-12','Order','D:\\copenhagen\\cases-95-2013\\11043.pdf','Gilbert Guillaume',NULL,NULL),(155,87,'Maritime Delimitation and Territorial Questions between Qatar and Bahrain','2001-03-16','Judgment','D:\\copenhagen\\cases-95-2013\\7027.pdf','Guillaume','Shi','Couvreur'),(156,121,'Arrest Warrant of 11 April 2000','2001-03-14','Order','D:\\copenhagen\\cases-95-2013\\8124.pdf','Guillaume','Shi','Couvreur'),(157,105,'Legality of Use of Force','2001-02-21','Order','D:\\copenhagen\\cases-95-2013\\7814.pdf','Guillaume','T','Couvreur'),(158,106,'Legality of Use of Force','2001-02-21','Order','D:\\copenhagen\\cases-95-2013\\7844.pdf','Guillaume','T','Couvreur'),(159,107,'Legality of Use of Force','2001-02-21','Order','D:\\copenhagen\\cases-95-2013\\7870.pdf','Guillaume','T',NULL),(160,108,'Legality of Use of Force','2001-02-21','Order','D:\\copenhagen\\cases-95-2013\\7894.pdf','Guillaume','T','Couvreur'),(161,109,'Legality of Use of Force','2001-02-21','Order','D:\\copenhagen\\cases-95-2013\\7920.pdf','Guillaume','T','Couvreur'),(162,110,'Legality of Use of Force','2001-02-21','Order','D:\\copenhagen\\cases-95-2013\\7948.pdf','Guillaume','T','Couvreur'),(163,111,'Legality of Use of Force','2001-02-21','Order','D:\\copenhagen\\cases-95-2013\\7976.pdf','Guillaume','T','Couvreur'),(164,113,'Legality of Use of Force','2001-02-21','Order','D:\\copenhagen\\cases-95-2013\\8032.pdf',NULL,NULL,'Philippe Couvreur'),(165,94,'Land and Maritime Boundary between Cameroon and Nigeria','2001-02-20','Order','D:\\copenhagen\\cases-95-2013\\7451.pdf','Gilbert Guillaume',NULL,NULL),(166,115,'Armed Activities on the Territory of the Congo','2001-01-30','Order','D:\\copenhagen\\cases-95-2013\\8054.pdf','Gilbert Guillaume',NULL,'Philippe Couvreur'),(167,117,'Armed Activities on the Territory of the Congo','2001-01-30','Order','D:\\copenhagen\\cases-95-2013\\10576.pdf','Gilbert Guillaume',NULL,NULL),(168,121,'Arrest Warrant of 11 April 2000','2000-12-13','Order','D:\\copenhagen\\cases-95-2013\\8122.pdf','Gilbert Guillaume',NULL,'Philippe Couvreur'),(169,121,'Arrest Warrant of 11 April 2000','2000-12-08','Order','D:\\copenhagen\\cases-95-2013\\8106.pdf',NULL,'Shi',NULL),(170,102,'Sovereignty over Pulau Ligitan and Pulau Sipadan','2000-10-19','Order','D:\\copenhagen\\cases-95-2013\\7696.pdf','Gilbert Guillaume',NULL,'Philippe Couvreur'),(171,115,'Armed Activities on the Territory of the Congo','2000-10-19','Order','D:\\copenhagen\\cases-95-2013\\8052.pdf',NULL,NULL,'Philippe Couvreur'),(172,117,'Armed Activities on the Territory of the Congo','2000-10-19','Order','D:\\copenhagen\\cases-95-2013\\8076.pdf',NULL,NULL,NULL),(173,103,'Ahmadou Sadio Diallo','2000-09-08','Order','D:\\copenhagen\\cases-95-2013\\7722.pdf','Gilbert Guillaume',NULL,'Philippe Couvreur'),(174,105,'Legality of Use of Force','2000-09-08','Order','D:\\copenhagen\\cases-95-2013\\7812.pdf',NULL,NULL,NULL),(175,106,'Legality of Use of Force','2000-09-08','Order','D:\\copenhagen\\cases-95-2013\\7842.pdf',NULL,NULL,NULL),(176,107,'Legality of Use of Force','2000-09-08','Order','D:\\copenhagen\\cases-95-2013\\7868.pdf',NULL,NULL,'Philippe Couvreur'),(177,108,'Legality of Use of Force','2000-09-08','Order','D:\\copenhagen\\cases-95-2013\\7892.pdf',NULL,NULL,NULL),(178,109,'Legality of Use of Force','2000-09-08','Order','D:\\copenhagen\\cases-95-2013\\7918.pdf',NULL,NULL,'Philippe Couvreur'),(179,110,'Legality of Use of Force','2000-09-08','Order','D:\\copenhagen\\cases-95-2013\\7946.pdf',NULL,NULL,NULL),(180,111,'Legality of Use of Force','2000-09-08','Order','D:\\copenhagen\\cases-95-2013\\7974.pdf',NULL,NULL,'Philippe Couvreur'),(181,113,'Legality of Use of Force','2000-09-08','Order','D:\\copenhagen\\cases-95-2013\\11031.pdf',NULL,NULL,NULL),(182,88,'Questions of Interpretation and Application of the 1971 Montreal Convention arising from the Aerial Incident at Lockerbie','2000-09-06','Order','D:\\copenhagen\\cases-95-2013\\7119.pdf',NULL,NULL,NULL),(183,89,'Questions of Interpretation and Application of the 1971 Montreal Convention arising from the Aerial Incident at Lockerbie','2000-09-06','Order','D:\\copenhagen\\cases-95-2013\\13064.pdf',NULL,NULL,'Philippe Colivreur'),(184,90,'Oil Platforms','2000-09-04','Order','D:\\copenhagen\\cases-95-2013\\7285.pdf',NULL,NULL,'Philippe Couvreur'),(185,116,'Armed Activities on the Territory of the Congo','2000-07-01','Order','D:\\copenhagen\\cases-95-2013\\8058.pdf',NULL,NULL,NULL),(186,118,'Application of the Convention on the Prevention and Punishment of the Crime of Genocide','2000-06-27','Order','D:\\copenhagen\\cases-95-2013\\8082.pdf','Guillaume','Shi','Couvreur'),(187,119,'Aerial Incident of 10 August 1999','2000-06-21','Judgment','D:\\copenhagen\\cases-95-2013\\8088.pdf','Guillaume','Shi',NULL),(188,102,'Sovereignty over Pulau Ligitan and Pulau Sipadan','2000-05-11','Order','D:\\copenhagen\\cases-95-2013\\7694.pdf','Gilbert Guillaume',NULL,'Philippe Couvreur'),(189,120,'Territorial and Maritime Dispute between Nicaragua and Honduras in the Caribbean Sea','2000-03-21','Order','D:\\copenhagen\\cases-95-2013\\8102.pdf','Guillaume','Shi','Couvreur'),(190,118,'Application of the Convention on the Prevention and Punishment of the Crime of Genocide','2000-03-10','Order','D:\\copenhagen\\cases-95-2013\\8080.pdf',NULL,NULL,'Philippe Couvreur'),(191,98,'Kasikili/Sedudu Island','1999-12-13','Judgment','D:\\copenhagen\\cases-95-2013\\7577.pdf','Schwebel','Weeramantry','Valencia-Ospina'),(192,103,'Ahmadou Sadio Diallo','1999-11-25','Order','D:\\copenhagen\\cases-95-2013\\7720.pdf',NULL,'Weeramantry','Valencia-Ospina'),(193,119,'Aerial Incident of 10 August 1999','1999-11-19','Order','D:\\copenhagen\\cases-95-2013\\8086.pdf','Schwebel','Weeramantry',NULL),(194,115,'Armed Activities on the Territory of the Congo','1999-10-21','Order','D:\\copenhagen\\cases-95-2013\\8050.pdf','Schwebel','Weeramantry','Valencia-Ospina'),(195,116,'Armed Activities on the Territory of the Congo','1999-10-21','Order','D:\\copenhagen\\cases-95-2013\\8056.pdf','Schwebel','Weeramantry','Valencia-Ospina'),(196,117,'Armed Activities on the Territory of the Congo','1999-10-21','Order','D:\\copenhagen\\cases-95-2013\\8074.pdf','Schwebel','Weeramantry',NULL),(197,94,'Land and Maritime Boundary between Cameroon and Nigeria','1999-10-21','Order','D:\\copenhagen\\cases-95-2013\\7449.pdf','Schwebel','Weeramantry','Valencia-Ospina'),(198,102,'Sovereignty over Pulau Ligitan and Pulau Sipadan','1999-09-14','Order','D:\\copenhagen\\cases-95-2013\\7692.pdf','Schwebel','Weeramantry','Valencia-Ospina'),(199,118,'Application of the Convention on the Prevention and Punishment of the Crime of Genocide','1999-09-14','Order','D:\\copenhagen\\cases-95-2013\\8078.pdf','Schwebel','Weeramantry',NULL),(200,105,'Legality of Use of Force','1999-06-30','Order','D:\\copenhagen\\cases-95-2013\\7786.pdf','Schwebel','T',NULL),(201,106,'Legality of Use of Force','1999-06-30','Order','D:\\copenhagen\\cases-95-2013\\7840.pdf','Schwebel','T',NULL),(202,107,'Legality of Use of Force','1999-06-30','Order','D:\\copenhagen\\cases-95-2013\\7866.pdf',NULL,NULL,NULL),(203,108,'Legality of Use of Force','1999-06-30','Order','D:\\copenhagen\\cases-95-2013\\7890.pdf',NULL,'T',NULL),(204,109,'Legality of Use of Force','1999-06-30','Order','D:\\copenhagen\\cases-95-2013\\7916.pdf','Schw~bel','T',NULL),(205,110,'Legality of Use of Force','1999-06-30','Order','D:\\copenhagen\\cases-95-2013\\7944.pdf','Schwebel','T',NULL),(206,111,'Legality of Use of Force','1999-06-30','Order','D:\\copenhagen\\cases-95-2013\\7972.pdf','Schwebel','T',NULL),(207,113,'Legality of Use of Force','1999-06-30','Order','D:\\copenhagen\\cases-95-2013\\8030.pdf','Schwebel','T',NULL),(208,94,'Land and Maritime Boundary between Cameroon and Nigeria','1999-06-30','Order','D:\\copenhagen\\cases-95-2013\\7447.pdf',NULL,NULL,NULL),(209,88,'Questions of Interpretation and Application of the 1971 Montreal Convention arising from the Aerial Incident at Lockerbie','1999-06-29','Order','D:\\copenhagen\\cases-95-2013\\7117.pdf','Schwebel','T',NULL),(210,89,'Questions of Interpretation and Application of the 1971 Montreal Convention arising from the Aerial Incident at Lockerbie','1999-06-29','Order','D:\\copenhagen\\cases-95-2013\\7245.pdf',NULL,NULL,NULL),(211,105,'Legality of Use of Force','1999-06-02','Order','D:\\copenhagen\\cases-95-2013\\7764.pdf','Schwebel','T',NULL),(212,106,'Legality of Use of Force','1999-06-02','Order','D:\\copenhagen\\cases-95-2013\\7820.pdf','Schwebel','T','Valencia-Ospina'),(213,107,'Legality of Use of Force','1999-06-02','Order','D:\\copenhagen\\cases-95-2013\\7850.pdf','Schwebel','T',NULL),(214,108,'Legality of Use of Force','1999-06-02','Order','D:\\copenhagen\\cases-95-2013\\7874.pdf','Schwebel','T',NULL),(215,109,'Legality of Use of Force','1999-06-02','Order','D:\\copenhagen\\cases-95-2013\\7898.pdf','Schwebel','T','Valencia-Ospina'),(216,110,'Legality of Use of Force','1999-06-02','Order','D:\\copenhagen\\cases-95-2013\\7924.pdf','Schwebel','T','Valencia-Ospina'),(217,111,'Legality of Use of Force','1999-06-02','Order','D:\\copenhagen\\cases-95-2013\\7952.pdf',NULL,NULL,NULL),(218,112,'Legality of Use of Force (Yugoslavia v. Spain) \n\nRequest for the Indication of Provisional Measures','1999-06-02','Order','D:\\copenhagen\\cases-95-2013\\7992.pdf','Schwebel',NULL,NULL),(219,113,'Legality of Use of Force','1999-06-02','Order','D:\\copenhagen\\cases-95-2013\\8010.pdf','Schwebel','T','Valencia-Ospina'),(220,114,'Legality of Use of Force (Yugoslavia v. United States of America) \n\nRequest for the Indication of Provisional Measures','1999-06-02','Order','D:\\copenhagen\\cases-95-2013\\8036.pdf','Schwebel','T','Valencia-Ospina'),(221,100,'Difference Relating to Immunity from Legal Process of a Special Rapporteur of the Commission on Human Rights \n\nAdvisory Opinion of 29 April 1999','1999-04-29','Advisory Opinion','D:\\copenhagen\\cases-95-2013\\7619.pdf','Schwebel','Weeramantry','Valencia-Ospina'),(222,101,'Request for Interpretation of the Judgment of 11 June 1998 in the Case concerning the Land and Maritime Boundary between Cameroon and Nigeria (Cameroon v. Nigeria), Preliminary Objections','1999-03-25','Judgment','D:\\copenhagen\\cases-95-2013\\7631.pdf','Schwebel','Weeramantry','Valencia-Ospina'),(223,104,'LaGrand','1999-03-05','Order','D:\\copenhagen\\cases-95-2013\\7734.pdf','Schwebel','T',NULL),(224,104,'LaGrand','1999-03-03','Order','D:\\copenhagen\\cases-95-2013\\7726.pdf','Schwebel','T','Valencia-Ospina'),(225,94,'Land and Maritime Boundary between Cameroon and Nigeria','1999-03-03','Order','D:\\copenhagen\\cases-95-2013\\7445.pdf','Schwebel','Weeramantry',NULL),(226,87,'Maritime Delimitation and Territorial Questions between Qatar and Bahrain (Qatar v. Bahrain) \n\nDecision regarding content of the Replies; extension of time-limit: Replies','1999-02-17','Order','D:\\copenhagen\\cases-95-2013\\6993.pdf','Schwebel','Weeramantry',NULL),(227,88,'Questions of Interpretation and Application of the 1971 Montreal Convention arising from the Aerial Incident at Lockerbie','1998-12-17','Order','D:\\copenhagen\\cases-95-2013\\7115.pdf',NULL,NULL,'Eduardo Valencia-Ospina'),(228,89,'Questions of Interpretation and Application of the 1971 Montreal Convention arising from the Aerial Incident at Lockerbie','1998-12-17','Order','D:\\copenhagen\\cases-95-2013\\7243.pdf',NULL,NULL,'Eduardo Valencia-Ospina'),(229,91,'Application of the Convention on the Prevention and Punishment of the Crime of Genocide','1998-12-11','Order','D:\\copenhagen\\cases-95-2013\\7347.pdf','Schwebel','Weeramantry',NULL),(230,90,'Oil Platforms','1998-12-08','Order','D:\\copenhagen\\cases-95-2013\\7283.pdf','Schwebel','T','Valencia-Ospina'),(231,96,'Fisheries Jurisdiction','1998-12-04','Judgment','D:\\copenhagen\\cases-95-2013\\7533.pdf','Schwebel','Weeramantry','Valencia-Ospina'),(232,102,'Sovereignty over Pulau Ligitan and Pulau Sipadan','1998-11-10','Order','D:\\copenhagen\\cases-95-2013\\7690.pdf','Schwebel','Weeramantry','Valencia-Ospina'),(233,99,'Vienna Convention on Consular Relations','1998-11-10','Order','D:\\copenhagen\\cases-95-2013\\7615.pdf','Schwebel','T','Valencia-Ospina'),(234,100,'Difference Relating to Immunity from Legal Process of a Special Rapporteur of the Commission on Human Rights \n\nDecision on furnishing of information; fixing of time-limits : Written Statements and Written Comments on Written Statements','1998-08-10','Order','D:\\copenhagen\\cases-95-2013\\7617.pdf',NULL,NULL,'Eduardo Valencia-Ospina'),(235,94,'Land and Maritime Boundary between Cameroon and Nigeria','1998-06-30','Order','D:\\copenhagen\\cases-95-2013\\7443.pdf','Schwebel','Weeramantry','Valencia-Ospina'),(236,94,'Land and Maritime Boundary between Cameroon and Nigeria','1998-06-11','Judgment','D:\\copenhagen\\cases-95-2013\\7473.pdf','Schwebel','Weeramantry','Valencia-Ospina'),(237,99,'Vienna Convention on Consular Relations','1998-06-08','Order','D:\\copenhagen\\cases-95-2013\\7613.pdf',NULL,NULL,'Eduardo Valencia-Ospina'),(238,90,'Oil Platforms','1998-05-26','Order','D:\\copenhagen\\cases-95-2013\\7281.pdf',NULL,NULL,'Eduardo Valencia-Ospina'),(239,99,'Vienna Convention on Consular Relations','1998-04-09','Order','D:\\copenhagen\\cases-95-2013\\7599.pdf','Schwebel','T','Valencia-Ospina'),(240,99,'Vienna Convention on Consular Relations','1998-04-09','Order','D:\\copenhagen\\cases-95-2013\\7611.pdf',NULL,NULL,'Eduardo Valencia-Ospina'),(241,87,'Maritime Delimitation and Territorial Questions between Qatar and Bahrain (Qatar v. Bahrain) \n\nDecision concerning content of Replies; fixing of time-limits: interim report and Replies','1998-03-30','Order','D:\\copenhagen\\cases-95-2013\\11013.pdf',NULL,NULL,NULL),(242,88,'Questions of Interpretation and Application of the 1971 Montreal Convention arising from the Aerial Incident at Lockerbie','1998-03-30','Order','D:\\copenhagen\\cases-95-2013\\7113.pdf','Schwebel','T','Valencia-Ospina'),(243,89,'Questions of Interpretation and Application of the 1971 Montreal Convention arising from the Aerial Incident at Lockerbie','1998-03-30','Order','D:\\copenhagen\\cases-95-2013\\7241.pdf','Schwebel',NULL,NULL),(244,90,'Oil Platforms','1998-03-10','Order','D:\\copenhagen\\cases-95-2013\\7273.pdf','Schwebel','T',NULL),(245,88,'Questions of Interpretation and Application of the 1971 Montreal Convention arising from the Aerial Incident at Lockerbie','1998-02-27','Judgment','D:\\copenhagen\\cases-95-2013\\7129.pdf','Schwebel','T','Valencia-Ospina'),(246,89,'Questions of Interpretation and Application of the 1971 Montreal Convention arising from the Aerial Incident at Lockerbie','1998-02-27','Judgment','D:\\copenhagen\\cases-95-2013\\7249.pdf','Schwebel','T','Valencia- Ospina'),(247,98,'Kasikili/Sedudu Island','1998-02-27','Order','D:\\copenhagen\\cases-95-2013\\7575.pdf','Schwebel','Weeramantry',NULL),(248,91,'Application of the Convention on the Prevention and Punishment of the Crime of Genocide','1998-01-22','Order','D:\\copenhagen\\cases-95-2013\\7345.pdf','Stephen Schwebel',NULL,NULL),(249,91,'Application of the Convention on the Prevention and Punishment of the Crime of Genocide','1997-12-17','Order','D:\\copenhagen\\cases-95-2013\\7335.pdf',NULL,NULL,NULL),(250,92,'Gabčíkovo-Nagymaros Project','1997-09-25','Judgment','D:\\copenhagen\\cases-95-2013\\7375.pdf','Schwebel','Weeramantry','Valencia-Ospina'),(251,92,'Gabčíkovo-Nagymaros Project','1997-02-05','Order','D:\\copenhagen\\cases-95-2013\\9751.pdf','Mohammed Bedjaoui',NULL,'Eduardo Valencia-Ospina'),(252,90,'Oil Platforms','1996-12-16','Order','D:\\copenhagen\\cases-95-2013\\7271.pdf','Mohammed Bedjaoui',NULL,'Eduardo Valencia-Ospina'),(253,90,'Oil Platforms','1996-12-12','Judgment','D:\\copenhagen\\cases-95-2013\\7287.pdf','Bedjaoui','Schwebel','Valencia- Ospina'),(254,87,'Maritime Delimitation and Territorial Questions between Qatar and Bahrain (Qatar v. Bahrain) \n\nFixing of time-limit: Counter-Memorials','1996-10-30','Order','D:\\copenhagen\\cases-95-2013\\6991.pdf',NULL,NULL,NULL),(255,91,'Application of the Convention on the Prevention and Punishment of the Crime of Genocide','1996-07-23','Order','D:\\copenhagen\\cases-95-2013\\7333.pdf','Mohammed Bedjaoui',NULL,'Eduardo Valencia-Ospina'),(256,91,'Application of the Convention on the Prevention and Punishment of the Crime of Genocide','1996-07-11','Judgment','D:\\copenhagen\\cases-95-2013\\7349.pdf','Bedjaoui','Schwebel','Valencia-Ospina'),(257,93,'Legality of the Use by a State of Nuclear Weapons in Armed Conflict \n\nAdvisory Opinion of 8 July 1996','1996-07-08','Advisory Opinion','D:\\copenhagen\\cases-95-2013\\7407.pdf','Bedjaoui','Schwebel','Valencia-Ospina'),(258,95,'Legality of the Threat or Use of Nuclear Weapons \n\nAdvisory Opinion of 8 July 1996','1996-07-08','Advisory Opinion','D:\\copenhagen\\cases-95-2013\\7495.pdf','Bedjaoui','Schwebel','Valencia-Ospina'),(259,98,'Kasikili/Sedudu Island','1996-06-24','Order','D:\\copenhagen\\cases-95-2013\\7573.pdf','Bedjaoui','Schwebel','Valencia-Ospina'),(260,96,'Fisheries Jurisdiction','1996-05-08','Order','D:\\copenhagen\\cases-95-2013\\7529.pdf','Mohammed Bedjaoui',NULL,'Eduardo Valencia-Ospina'),(261,94,'Land and Maritime Boundary between Cameroon and Nigeria','1996-03-15','Order','D:\\copenhagen\\cases-95-2013\\7425.pdf','Bedjaoui','Schwebel','Valencia-Ospina'),(262,79,'Aerial Incident of 3 July 1988','1996-02-22','Order','D:\\copenhagen\\cases-95-2013\\6783.pdf',NULL,NULL,NULL),(263,87,'Maritime Delimitation and Territorial Questions between Qatar and Bahrain (Qatar v. Bahrain) \n\nExtension of time-limit: Memorials','1996-02-01','Order','D:\\copenhagen\\cases-95-2013\\6989.pdf','Bedjaoui','Schwebel','Valencia-Ospina'),(264,94,'Land and Maritime Boundary between Cameroon and Nigeria','1996-01-10','Order','D:\\copenhagen\\cases-95-2013\\7421.pdf','Mohammed Bedjaoui',NULL,'Eduardo Valencia-Ospina'),(265,85,'Maritime Delimitation between Guinea-Bissau and Senegal','1995-11-08','Order','D:\\copenhagen\\cases-95-2013\\6965.pdf','Bedjaoui','Schwebel','Valencia-Ospina'),(266,88,'Questions of Interpretation and Application of the 1971 Montreal Convention arising from the Aerial Incident at Lockerbie','1995-09-22','Order','D:\\copenhagen\\cases-95-2013\\7111.pdf','Bedjaoui','Schwebel','Valencia-Ospina'),(267,89,'Questions of Interpretation and Application of the 1971 Montreal Convention arising from the Aerial Incident at Lockerbie','1995-09-22','Order','D:\\copenhagen\\cases-95-2013\\7239.pdf','Mohammed Bedjaoui',NULL,'Eduardo Valencia-Ospina'),(268,97,'Request for an Examination of the Situation in Accordance with Paragraph 63 of the Court\'s Judgment of 20 December 1974 in the Nuclear Tests','1995-09-22','Order','D:\\copenhagen\\cases-95-2013\\7555.pdf','Bedjaoui','Schwebel','Valencia- Ospina'),(269,91,'Application of the Convention on the Prevention and Punishment of the Crime of Genocide','1995-07-14','Order','D:\\copenhagen\\cases-95-2013\\7331.pdf','Mohammed Bedjaoui',NULL,NULL),(270,84,'East Timor','1995-06-30','Judgment','D:\\copenhagen\\cases-95-2013\\6949.pdf','Bediaoui','Schwebel','Valencia-Ospina'),(271,96,'Fisheries Jurisdiction','1995-05-02','Order','D:\\copenhagen\\cases-95-2013\\7527.pdf','Mohammed Bedjaoui',NULL,'Eduardo Valencia-Ospina'),(272,87,'Maritime Delimitation and Territorial Questions between Qatar and Bahrain (Qatar v. Bahrain) \n\nFixing of time-limit: Memorials','1995-04-28','Order','D:\\copenhagen\\cases-95-2013\\6987.pdf','Mohammed Bedjaoui',NULL,'Eduardo Valencia-Ospina'),(273,91,'Application of the Convention on the Prevention and Punishment of the Crime of Genocide','1995-03-21','Order','D:\\copenhagen\\cases-95-2013\\7329.pdf','Mohammed Bedjaoui',NULL,NULL),(274,87,'Maritime Delimitation and Territorial Questions between Qatar and Bahrain','1995-02-15','Judgment','D:\\copenhagen\\cases-95-2013\\7007.pdf','Bedjaoui','Schwebel','Valencia- Ospina'),(275,95,'Legality of the Threat or Use of Nuclear Weapons \n\nFixing of time-limits: Written Statements and Written Comments on the Written Statements','1995-02-01','Order','D:\\copenhagen\\cases-95-2013\\7493.pdf','Bedjaoui','Schwebel','Valencia- Ospina');
/*!40000 ALTER TABLE `case` ENABLE KEYS */;
UNLOCK TABLES;

--
-- Table structure for table `case_parties`
--

DROP TABLE IF EXISTS `case_parties`;
/*!40101 SET @saved_cs_client     = @@character_set_client */;
/*!40101 SET character_set_client = utf8 */;
CREATE TABLE `case_parties` (
  `idcase_parties` int(11) NOT NULL AUTO_INCREMENT,
  `caseid` int(11) DEFAULT NULL,
  `party_name` varchar(100) DEFAULT NULL,
  PRIMARY KEY (`idcase_parties`),
  KEY `fk_case_parties_case_idx` (`caseid`),
  CONSTRAINT `idcase` FOREIGN KEY (`caseid`) REFERENCES `case` (`idcase`) ON DELETE CASCADE ON UPDATE CASCADE
) ENGINE=InnoDB AUTO_INCREMENT=551 DEFAULT CHARSET=utf8;
/*!40101 SET character_set_client = @saved_cs_client */;

--
-- Dumping data for table `case_parties`
--

LOCK TABLES `case_parties` WRITE;
/*!40000 ALTER TABLE `case_parties` DISABLE KEYS */;
INSERT INTO `case_parties` VALUES (1,1,'Nicaragua'),(2,1,'Costa Rica'),(3,2,'Nicaragua'),(4,2,'Colombia'),(5,3,'Costa Rica'),(6,3,'Nicaragua'),(7,4,'Cambodia'),(8,4,'Thailand'),(9,5,'Ecuador'),(10,5,'Colombia'),(11,6,'Costa Rica'),(12,6,'Nicaragua'),(13,7,'Burkina Faso'),(14,7,'Niger'),(15,8,'Bolivia'),(16,8,'Chile'),(17,9,'Costa Rica'),(18,9,'Nicaragua'),(19,10,'Nicaragua'),(20,10,'Costa Rica'),(21,11,'Costa Rica'),(22,11,'Nicaragua'),(23,12,'Nicaragua'),(24,12,'Costa Rica'),(25,13,'Burkina Faso'),(26,13,'Niger'),(27,14,'Australia'),(28,14,'Japan: New Zealand intervening'),(29,15,'Nicaragua'),(30,15,'Colombia'),(31,16,'Belgium'),(32,16,'Senegal'),(33,17,'Republic of Guinea'),(34,17,'Democratic Republic of the Congo'),(35,18,'Germany'),(36,18,'Italy: Greece intervening'),(37,19,NULL),(38,19,NULL),(39,20,'Croatia'),(40,20,'Serbia'),(41,21,'Nicaragua'),(42,21,'Costa Rica'),(43,22,'the former Yugoslav Republic of Macedonia'),(44,22,'Greece'),(45,23,'Ecuador'),(46,23,'Colombia'),(47,24,'Republic of Guinea'),(48,24,'Democratic Republic of the Congo'),(49,25,'Cambodia'),(50,25,'Thailand'),(51,26,'Belgium'),(52,26,'Senegal'),(53,27,'Germany'),(54,27,'Italy: Greece intervening'),(55,28,'Nicaragua'),(56,28,'Colombia'),(57,29,'Nicaragua'),(58,29,'Colombia'),(59,30,'Belgium'),(60,30,'Switzerland'),(61,31,'Costa Rica'),(62,31,'Nicaragua'),(63,32,'Georgia'),(64,32,'Russian Federation'),(65,33,'Costa Rica'),(66,33,'Nicaragua'),(67,34,NULL),(68,34,NULL),(69,35,'Republic of Guinea'),(70,35,'Democratic Republic of the Congo'),(71,36,'Republic of the Congo'),(72,36,'France'),(73,37,'Burkina Faso'),(74,37,'Niger'),(75,38,'Belgium'),(76,38,'Switzerland'),(77,39,NULL),(78,39,NULL),(79,40,'Australia'),(80,40,'Japan: New Zealand intervening'),(81,41,'Germany'),(82,41,'Italy: Greece intervening'),(83,42,'Ecuador'),(84,42,'Colombia'),(85,43,'Honduras'),(86,43,'Brazil'),(87,44,NULL),(88,44,NULL),(89,45,'Peru'),(90,45,'Chile'),(91,46,'Argentina'),(92,46,'Uruguay'),(93,47,'the former Yugoslav Republic of Macedonia'),(94,47,'Greece'),(95,48,'Croatia'),(96,48,'Serbia'),(97,49,'Belgium'),(98,49,'Switzerland'),(99,50,'Georgia'),(100,50,'Russian Federation'),(101,51,'Republic of the Congo'),(102,51,'France'),(103,52,'Costa Rica'),(104,52,'Nicaragua'),(105,53,'Belgium'),(106,53,'Senegal'),(107,54,'Belgium'),(108,54,'Senegal'),(109,55,'Germany'),(110,55,'Italy: Greece intervening'),(111,56,'Romania'),(112,56,'Ukraine'),(113,57,'Croatia'),(114,57,'Serbia'),(115,58,'the former Yugoslav Republic of Macedonia'),(116,58,'Greece'),(117,59,'Mexico'),(118,59,'United States of America'),(119,60,'Nicaragua'),(120,60,'Colombia'),(121,61,'Georgia'),(122,61,'Russian Federation'),(123,62,'Croatia'),(124,62,'Serbia'),(125,63,NULL),(126,63,NULL),(127,64,'Georgia'),(128,64,'Russian Federation'),(129,65,'Mexico'),(130,65,'United States of America'),(131,66,'Djibouti'),(132,66,'France'),(133,67,'Ecuador'),(134,67,'Colombia'),(135,68,'Malaysia'),(136,68,'Singapore'),(137,69,'Republic of Guinea'),(138,69,'Democratic Republic of the Congo'),(139,70,'Peru'),(140,70,'Chile'),(141,71,'Nicaragua'),(142,71,'Colombia'),(143,72,'Nicaragua'),(144,72,'Colombia'),(145,73,'Costa Rica'),(146,73,'Nicaragua'),(147,74,'Nicaragua'),(148,74,'Honduras'),(149,75,'Argentina'),(150,75,'Uruguay'),(151,76,'Republic of Guinea'),(152,76,'Democratic Republic of the Congo'),(153,77,'Romania'),(154,77,'Ukraine'),(155,78,'Republic of Guinea'),(156,78,'Democratic Republic of the Congo'),(157,79,'Bosnia and Herzegovina'),(158,79,'Serbia and Montenegro'),(159,80,'Argentina'),(160,80,'Uruguay'),(161,81,'Djibouti'),(162,81,'France'),(163,82,'Argentina'),(164,82,'Uruguay'),(165,83,'Argentina'),(166,83,'Uruguay'),(167,84,'Romania'),(168,84,'Ukraine'),(169,85,'Commonwealth of Dominica'),(170,85,'Switzerland'),(171,86,'Democratic Republic of the Congo'),(172,86,'Rwanda'),(173,87,'Republic of the Congo'),(174,87,'France'),(175,88,'Democratic Republic of the Congo'),(176,88,'Uganda'),(177,89,'Costa Rica'),(178,89,'Nicaragua'),(179,90,'Benin'),(180,90,'Niger'),(181,91,'Republic of the Congo'),(182,91,'France'),(183,92,'Benin'),(184,92,'Niger'),(185,93,'Liechtenstein'),(186,93,'Germany'),(187,94,'Malaysia'),(188,94,'Singapore'),(189,95,'Republic of the Congo'),(190,95,'France'),(191,96,'Serbia and Montenegro'),(192,96,'Belgium'),(193,97,'Serbia and Montenegro'),(194,97,'Canada'),(195,98,'Serbia and Montenegro'),(196,98,'France'),(197,99,'Serbia and Monténégro'),(198,99,'Germany'),(199,100,'Serbia and Montenegro'),(200,100,'Italy'),(201,101,'Serbia and Montenegro'),(202,101,'Netherlands'),(203,102,'Serbia and Montenegro'),(204,102,'Portugal'),(205,103,'Serbia and Montenegro'),(206,103,'United Kingdom'),(207,104,'Republic of the Congo'),(208,104,'France'),(209,105,'Romania'),(210,105,'Ukraine'),(211,106,'Benin'),(212,106,'Niger'),(213,107,NULL),(214,107,NULL),(215,108,'Republic of the Congo'),(216,108,'France'),(217,109,'Mexico'),(218,109,'United States of America'),(219,110,NULL),(220,110,NULL),(221,111,NULL),(222,111,NULL),(223,112,'El Salvador'),(224,112,'Honduras'),(225,113,'Islamic Republic of Iran'),(226,113,'United States of America'),(227,114,'Nicaragua'),(228,114,'Colombia'),(229,115,'Benin'),(230,115,'Niger'),(231,116,'Libyan Arab Jamahiriya'),(232,116,'United Kingdom'),(233,117,'Libyan Arab Jamahiriya'),(234,117,'United States of America'),(235,118,'Malaysia'),(236,118,'Singapore'),(237,119,'Republic of the Congo'),(238,119,'France'),(239,120,'Republic of the Congo'),(240,120,'France'),(241,121,'Mexico'),(242,121,'United States of America'),(243,122,'Mexico'),(244,122,'United States of America'),(245,123,'Mexico'),(246,123,'United States of America'),(247,124,'Yugoslavia'),(248,124,'Bosnia and Herzegovina'),(249,125,'Democratic Republic of the Congo'),(250,125,'Uganda'),(251,126,'Indonesia'),(252,126,'Malaysia'),(253,127,'Benin'),(254,127,'Niger'),(255,128,'El Salvador'),(256,128,'Honduras'),(257,129,'Croatia'),(258,129,'Serbia'),(259,130,'Republic of Guinea'),(260,130,'Democratic Republic of the Congo'),(261,131,'Democratic Republic of the Congo'),(262,131,'Uganda'),(263,132,'Cameroon'),(264,132,'Nigeria: Equatorial Guinea intervening'),(265,133,'Democratic Republic of the Congo'),(266,133,'Rwanda'),(267,134,'Liechtenstein'),(268,134,'Germany'),(269,135,'Democratic Republic of the Congo'),(270,135,'Rwanda'),(271,136,'Nicaragua'),(272,136,'Honduras'),(273,137,'Serbia and Montenegro'),(274,137,'Belgium'),(275,138,'Serbia and Montenegro'),(276,138,'Canada'),(277,139,'Serbia and Montenegro'),(278,139,'France'),(279,140,'Serbia and Monténégro'),(280,140,'Germany'),(281,141,'Serbia and Montenegro'),(282,141,'Italy'),(283,142,'Serbia and Montenegro'),(284,142,'Netherlands'),(285,143,'Serbia and Montenegro'),(286,143,'Portugal'),(287,144,'Serbia and Montenegro'),(288,144,'United Kingdom'),(289,145,'Nicaragua'),(290,145,'Colombia'),(291,146,'Democratic Republic of the Congo'),(292,146,'Belgium'),(293,147,'Democratic Republic of the Congo'),(294,147,'Uganda'),(295,148,'Indonesia'),(296,148,'Malaysia'),(297,149,'Bosnia and Herzegovina'),(298,149,'Serbia and Montenegro'),(299,150,'Islamic Republic of Iran'),(300,150,'United States of America'),(301,151,'Liechtenstein'),(302,151,'Germany'),(303,152,'Germany'),(304,152,'United States of America'),(305,153,'Democratic Republic of the Congo'),(306,153,'Belgium'),(307,154,'Democratic Republic of the Congo'),(308,154,'Belgium'),(309,155,'Qatar'),(310,155,'Bahrain'),(311,156,'Democratic Republic of the Congo'),(312,156,'Belgium'),(313,157,'Serbia and Montenegro'),(314,157,'Belgium'),(315,158,'Serbia and Montenegro'),(316,158,'Canada'),(317,159,'Serbia and Montenegro'),(318,159,'France'),(319,160,'Serbia and Monténégro'),(320,160,'Germany'),(321,161,'Serbia and Montenegro'),(322,161,'Italy'),(323,162,'Serbia and Montenegro'),(324,162,'Netherlands'),(325,163,'Serbia and Montenegro'),(326,163,'Portugal'),(327,164,'Serbia and Montenegro'),(328,164,'United Kingdom'),(329,165,'Cameroon'),(330,165,'Nigeria: Equatorial Guinea intervening'),(331,166,'Democratic Republic of the Congo'),(332,166,'Burundi'),(333,167,'Democratic Republic of the Congo'),(334,167,'Rwanda'),(335,168,'Democratic Republic of the Congo'),(336,168,'Belgium'),(337,169,'Democratic Republic of the Congo'),(338,169,'Belgium'),(339,170,'Indonesia'),(340,170,'Malaysia'),(341,171,'Democratic Republic of the Congo'),(342,171,'Burundi'),(343,172,'Democratic Republic of the Congo'),(344,172,'Rwanda'),(345,173,'Republic of Guinea'),(346,173,'Democratic Republic of the Congo'),(347,174,'Serbia and Montenegro'),(348,174,'Belgium'),(349,175,'Serbia and Montenegro'),(350,175,'Canada'),(351,176,'Serbia and Montenegro'),(352,176,'France'),(353,177,'Serbia and Monténégro'),(354,177,'Germany'),(355,178,'Serbia and Montenegro'),(356,178,'Italy'),(357,179,'Serbia and Montenegro'),(358,179,'Netherlands'),(359,180,'Serbia and Montenegro'),(360,180,'Portugal'),(361,181,'Serbia and Montenegro'),(362,181,'United Kingdom'),(363,182,'Libyan Arab Jamahiriya'),(364,182,'United Kingdom'),(365,183,'Libyan Arab Jamahiriya'),(366,183,'United States of America'),(367,184,'Islamic Republic of Iran'),(368,184,'United States of America'),(369,185,'Democratic Republic of the Congo'),(370,185,'Uganda'),(371,186,'Croatia'),(372,186,'Serbia'),(373,187,'Pakistan'),(374,187,'India'),(375,188,'Indonesia'),(376,188,'Malaysia'),(377,189,'Nicaragua'),(378,189,'Honduras'),(379,190,'Croatia'),(380,190,'Serbia'),(381,191,'Botswana'),(382,191,'Namibia'),(383,192,'Republic of Guinea'),(384,192,'Democratic Republic of the Congo'),(385,193,'Pakistan'),(386,193,'India'),(387,194,'Democratic Republic of the Congo'),(388,194,'Burundi'),(389,195,'Democratic Republic of the Congo'),(390,195,'Uganda'),(391,196,'Democratic Republic of the Congo'),(392,196,'Rwanda'),(393,197,'Cameroon'),(394,197,'Nigeria: Equatorial Guinea intervening'),(395,198,'Indonesia'),(396,198,'Malaysia'),(397,199,'Croatia'),(398,199,'Serbia'),(399,200,'Serbia and Montenegro'),(400,200,'Belgium'),(401,201,'Serbia and Montenegro'),(402,201,'Canada'),(403,202,'Serbia and Montenegro'),(404,202,'France'),(405,203,'Serbia and Monténégro'),(406,203,'Germany'),(407,204,'Serbia and Montenegro'),(408,204,'Italy'),(409,205,'Serbia and Montenegro'),(410,205,'Netherlands'),(411,206,'Serbia and Montenegro'),(412,206,'Portugal'),(413,207,'Serbia and Montenegro'),(414,207,'United Kingdom'),(415,208,'Cameroon'),(416,208,'Nigeria: Equatorial Guinea intervening'),(417,209,'Libyan Arab Jamahiriya'),(418,209,'United Kingdom'),(419,210,'Libyan Arab Jamahiriya'),(420,210,'United States of America'),(421,211,'Serbia and Montenegro'),(422,211,'Belgium'),(423,212,'Serbia and Montenegro'),(424,212,'Canada'),(425,213,'Serbia and Montenegro'),(426,213,'France'),(427,214,'Serbia and Monténégro'),(428,214,'Germany'),(429,215,'Serbia and Montenegro'),(430,215,'Italy'),(431,216,'Serbia and Montenegro'),(432,216,'Netherlands'),(433,217,'Serbia and Montenegro'),(434,217,'Portugal'),(435,218,NULL),(436,218,NULL),(437,219,'Serbia and Montenegro'),(438,219,'United Kingdom'),(439,220,NULL),(440,220,NULL),(441,221,NULL),(442,221,NULL),(443,222,'Nigeria'),(444,222,'Cameroon'),(445,223,'Germany'),(446,223,'United States of America'),(447,224,'Germany'),(448,224,'United States of America'),(449,225,'Cameroon'),(450,225,'Nigeria: Equatorial Guinea intervening'),(451,226,NULL),(452,226,NULL),(453,227,'Libyan Arab Jamahiriya'),(454,227,'United Kingdom'),(455,228,'Libyan Arab Jamahiriya'),(456,228,'United States of America'),(457,229,'Bosnia and Herzegovina'),(458,229,'Serbia and Montenegro'),(459,230,'Islamic Republic of Iran'),(460,230,'United States of America'),(461,231,'Spain'),(462,231,'Canada'),(463,232,'Indonesia'),(464,232,'Malaysia'),(465,233,'Paraguay'),(466,233,'United States of America'),(467,234,NULL),(468,234,NULL),(469,235,'Cameroon'),(470,235,'Nigeria: Equatorial Guinea intervening'),(471,236,'Cameroon'),(472,236,'Nigeria: Equatorial Guinea intervening'),(473,237,'Paraguay'),(474,237,'United States of America'),(475,238,'Islamic Republic of Iran'),(476,238,'United States of America'),(477,239,'Paraguay'),(478,239,'United States of America'),(479,240,'Paraguay'),(480,240,'United States of America'),(481,241,NULL),(482,241,NULL),(483,242,'Libyan Arab Jamahiriya'),(484,242,'United Kingdom'),(485,243,'Libyan Arab Jamahiriya'),(486,243,'United States of America'),(487,244,'Islamic Republic of Iran'),(488,244,'United States of America'),(489,245,'Libyan Arab Jamahiriya'),(490,245,'United Kingdom'),(491,246,'Libyan Arab Jamahiriya'),(492,246,'United States of America'),(493,247,'Botswana'),(494,247,'Namibia'),(495,248,'Bosnia and Herzegovina'),(496,248,'Serbia and Montenegro'),(497,249,'Bosnia and Herzegovina'),(498,249,'Serbia and Montenegro'),(499,250,'Hungary'),(500,250,'Slovakia'),(501,251,'Hungary'),(502,251,'Slovakia'),(503,252,'Islamic Republic of Iran'),(504,252,'United States of America'),(505,253,'Islamic Republic of Iran'),(506,253,'United States of America'),(507,254,NULL),(508,254,NULL),(509,255,'Bosnia and Herzegovina'),(510,255,'Serbia and Montenegro'),(511,256,'Bosnia and Herzegovina'),(512,256,'Serbia and Montenegro'),(513,257,NULL),(514,257,NULL),(515,258,NULL),(516,258,NULL),(517,259,'Botswana'),(518,259,'Namibia'),(519,260,'Spain'),(520,260,'Canada'),(521,261,'Cameroon'),(522,261,'Nigeria: Equatorial Guinea intervening'),(523,262,'Islamic Republic of Iran'),(524,262,'United States of America'),(525,263,NULL),(526,263,NULL),(527,264,'Cameroon'),(528,264,'Nigeria: Equatorial Guinea intervening'),(529,265,'Guinea-Bissau'),(530,265,'Senegal'),(531,266,'Libyan Arab Jamahiriya'),(532,266,'United Kingdom'),(533,267,'Libyan Arab Jamahiriya'),(534,267,'United States of America'),(535,268,'New Zealand'),(536,268,'France'),(537,269,'Bosnia and Herzegovina'),(538,269,'Serbia and Montenegro'),(539,270,'Portugal'),(540,270,'Australia'),(541,271,'Spain'),(542,271,'Canada'),(543,272,NULL),(544,272,NULL),(545,273,'Bosnia and Herzegovina'),(546,273,'Serbia and Montenegro'),(547,274,'Qatar'),(548,274,'Bahrain'),(549,275,NULL),(550,275,NULL);
/*!40000 ALTER TABLE `case_parties` ENABLE KEYS */;
UNLOCK TABLES;

--
-- Table structure for table `court_judges`
--

DROP TABLE IF EXISTS `court_judges`;
/*!40101 SET @saved_cs_client     = @@character_set_client */;
/*!40101 SET character_set_client = utf8 */;
CREATE TABLE `court_judges` (
  `idcourt_judges` int(11) NOT NULL AUTO_INCREMENT,
  `caseid` int(11) DEFAULT NULL,
  `judge` text,
  `ad_hoc` tinyint(1) DEFAULT NULL,
  PRIMARY KEY (`idcourt_judges`),
  KEY `fk_court_judges_case1_idx` (`caseid`),
  CONSTRAINT `caseid` FOREIGN KEY (`caseid`) REFERENCES `case` (`idcase`) ON DELETE CASCADE ON UPDATE CASCADE
) ENGINE=InnoDB AUTO_INCREMENT=2338 DEFAULT CHARSET=utf8;
/*!40101 SET character_set_client = @saved_cs_client */;

--
-- Dumping data for table `court_judges`
--

LOCK TABLES `court_judges` WRITE;
/*!40000 ALTER TABLE `court_judges` DISABLE KEYS */;
INSERT INTO `court_judges` VALUES (1,1,'Owada',0),(2,1,'Abraham',0),(3,1,'Keith',0),(4,1,'Bennouna',0),(5,1,'Skotnikov',0),(6,1,'Cançado Trindade',0),(7,1,'Yusuf',0),(8,1,'Greenwood',0),(9,1,'Xue',0),(10,1,'Donoghue',0),(11,1,'Gaja',0),(12,1,'Sebutinde',0),(13,1,'Bhandari',0),(14,1,'Guillaume',1),(15,1,'Dugard',1),(16,2,'Owada',0),(17,2,'Abraham',0),(18,2,'Keith',0),(19,2,'Bennouna',0),(20,2,'Skotnikov',0),(21,2,'Cançado Trindade',0),(22,2,'Yusuf',0),(23,2,'Greenwood',0),(24,2,'Xue',0),(25,2,'Donoghue',0),(26,2,'Gaja',0),(27,2,'Sebutinde',0),(28,3,'Owada',0),(29,3,'Keith',0),(30,3,'Bennouna',0),(31,3,'Skotnikov',0),(32,3,'Cançado Trindade',0),(33,3,'Yusuf',0),(34,3,'Greenwood',0),(35,3,'Xue',0),(36,3,'Donoghue',0),(37,3,'Gaja',0),(38,3,'Sebutinde',0),(39,3,'Bhandari',0),(40,3,'Guillaume',1),(41,3,'Dugard',1),(42,4,'Owada',0),(43,4,'Abraham',0),(44,4,'Keith',0),(45,4,'Bennouna',0),(46,4,'Skotnikov',0),(47,4,'Cançado Trindade',0),(48,4,'Yusuf',0),(49,4,'Greenwood',0),(50,4,'Xue',0),(51,4,'Donoghue',0),(52,4,'Gaja',0),(53,4,'Sebutinde',0),(54,4,'Bhandari',0),(55,4,'Guillaume',1),(56,4,'Cot',1),(57,6,'Owada',0),(58,6,'Abraham',0),(59,6,'Keith',0),(60,6,'Bennouna',0),(61,6,'Skotnikov',0),(62,6,'Cançado Trindade',0),(63,6,'Yusuf',0),(64,6,'Greenwood',0),(65,6,'Xue',0),(66,6,'Donoghue',0),(67,6,'Gaja',0),(68,6,'Sebutinde',0),(69,6,'Bhandari',0),(70,6,'Guillaume',1),(71,6,'Dugard',1),(72,7,'Keith',0),(73,7,'Skotnikov',0),(74,7,'Cançado Trindade',0),(75,7,'Yusuf',0),(76,7,'Greenwood',0),(77,7,'Xue',0),(78,7,'Donoghue',0),(79,7,'Gaja',0),(80,7,'Sebutinde',0),(81,7,'Bhandari',0),(82,7,'Mahiou',1),(83,7,'Daudet',1),(84,8,'Owada',0),(85,8,'Abraham',0),(86,8,'Keith',0),(87,8,'Bennouna',0),(88,8,'Skotnikov',0),(89,8,'Cançado Trindade',0),(90,8,'Yusuf',0),(91,8,'Greenwood',0),(92,8,'Xue',0),(93,8,'Donoghue',0),(94,8,'Gaja',0),(95,8,'Sebutinde',0),(96,8,'Bhandari',0),(97,9,'Owada',0),(98,9,'Abraham',0),(99,9,'Keith',0),(100,9,'Bennouna',0),(101,9,'Skotnikov',0),(102,9,'Cançado Trindade',0),(103,9,'Yusuf',0),(104,9,'Greenwood',0),(105,9,'Xue',0),(106,9,'Donoghue',0),(107,9,'Gaja',0),(108,9,'Sebutinde',0),(109,9,'Bhandari',0),(110,9,'Guillaume',1),(111,9,'Dugard',1),(112,10,'Owada',0),(113,10,'Abraham',0),(114,10,'Keith',0),(115,10,'Bennouna',0),(116,10,'Skotnikov',0),(117,10,'Cançado Trindade',0),(118,10,'Yusuf',0),(119,10,'Greenwood',0),(120,10,'Xue',0),(121,10,'Donoghue',0),(122,10,'Gaja',0),(123,10,'Sebutinde',0),(124,10,'Bhandari',0),(125,10,'Guillaume',1),(126,10,'Dugard',1),(127,11,'Owada',0),(128,11,'Abraham',0),(129,11,'Keith',0),(130,11,'Bennouna',0),(131,11,'Skotnikov',0),(132,11,'Cançado Trindade',0),(133,11,'Yusuf',0),(134,11,'Greenwood',0),(135,11,'Xue',0),(136,11,'Donoghue',0),(137,11,'Gaja',0),(138,11,'Sebutinde',0),(139,11,'Bhandari',0),(140,11,'Guillaume',1),(141,11,'Dugard',1),(142,12,'Owada',0),(143,12,'Abraham',0),(144,12,'Keith',0),(145,12,'Bennouna',0),(146,12,'Skotnikov',0),(147,12,'Cançado Trindade',0),(148,12,'Yusuf',0),(149,12,'Greenwood',0),(150,12,'Xue',0),(151,12,'Donoghue',0),(152,12,'Gaja',0),(153,12,'Sebutinde',0),(154,12,'Bhandari',0),(155,12,'Guillaume',1),(156,12,'Simma',1),(157,13,'Owada',0),(158,13,'Abraham',0),(159,13,'Keith',0),(160,13,'Bennouna',0),(161,13,'Skotnikov',0),(162,13,'Cançado Trindade',0),(163,13,'Yusuf',0),(164,13,'Greenwood',0),(165,13,'Xue',0),(166,13,'Donoghue',0),(167,13,'Gaja',0),(168,13,'Sebutinde',0),(169,13,'Bhandari',0),(170,13,'Mahiou',1),(171,13,'Daudet',1),(172,14,'Owada',0),(173,14,'Abraham',0),(174,14,'Keith',0),(175,14,'Bennouna',0),(176,14,'Skotnikov',0),(177,14,'Cançado Trindade',0),(178,14,'Yusuf',0),(179,14,'Greenwood',0),(180,14,'Xue',0),(181,14,'Gaja',0),(182,14,'Sebutinde',0),(183,14,'Bhandari',0),(184,14,'Charlesworth',1),(185,15,'Owada',0),(186,15,'Abraham',0),(187,15,'Keith',0),(188,15,'Bennouna',0),(189,15,'Skotnikov',0),(190,15,'Cançado Trindade',0),(191,15,'Yusuf',0),(192,15,'Greenwood',0),(193,15,'Xue',0),(194,15,'Donoghue',0),(195,15,'Sebutinde',0),(196,15,'Mensah',1),(197,15,'Cot',1),(198,16,'Owada',0),(199,16,'Abraham',0),(200,16,'Keith',0),(201,16,'Bennouna',0),(202,16,'Skotnikov',0),(203,16,'Cançado Trindade',0),(204,16,'Yusuf',0),(205,16,'Greenwood',0),(206,16,'Xue',0),(207,16,'Donoghue',0),(208,16,'Gaja',0),(209,16,'Sebutinde',0),(210,16,'Sur',1),(211,16,'Kirsch',1),(212,17,'Owada',0),(213,17,'Abraham',0),(214,17,'Keith',0),(215,17,'Bennouna',0),(216,17,'Skotnikov',0),(217,17,'Cançado Trindade',0),(218,17,'Yusuf',0),(219,17,'Greenwood',0),(220,17,'Xue',0),(221,17,'Donoghue',0),(222,17,'Gaja',0),(223,17,'Sebutinde',0),(224,17,'Mahiou',1),(225,17,'Mampuya',1),(226,18,'Koroma',0),(227,18,'Simma',0),(228,18,'Abraham',0),(229,18,'Keith',0),(230,18,'Sepúlveda-Amor',0),(231,18,'Bennouna',0),(232,18,'Skotnikov',0),(233,18,'Cançado Trindade',0),(234,18,'Yusuf',0),(235,18,'Greenwood',0),(236,18,'Xue',0),(237,18,'Donoghue',0),(238,18,'Gaja',1),(239,19,'Koroma',0),(240,19,'Abraham',0),(241,19,'Keith',0),(242,19,'Sepúlveda-Amor',0),(243,19,'Bennouna',0),(244,19,'Skotnikov',0),(245,19,'Cançado Trindade',0),(246,19,'Yusuf',0),(247,19,'Greenwood',0),(248,19,'Xue',0),(249,19,'Donoghue',0),(250,20,'Koroma',0),(251,20,'Simma',0),(252,20,'Abraham',0),(253,20,'Keith',0),(254,20,'Sepúlveda-Amor',0),(255,20,'Bennouna',0),(256,20,'Skotnikov',0),(257,20,'C Ançado Trindade',0),(258,20,'Yusuf',0),(259,20,'Greenwood',0),(260,20,'Xue',0),(261,20,'Donoghue',0),(262,21,'Koroma',0),(263,21,'Simma',0),(264,21,'Abraham',0),(265,21,'Keith',0),(266,21,'Sepúlveda-Amor',0),(267,21,'Bennouna',0),(268,21,'Skotnikov',0),(269,21,'Cançado Trindade',0),(270,21,'Yusuf',0),(271,21,'Greenwood',0),(272,21,'Xue',0),(273,21,'Donoghue',0),(274,22,'Koroma',0),(275,22,'Simma',0),(276,22,'Abraham',0),(277,22,'Keith',0),(278,22,'Sepúlveda‑amor',0),(279,22,'Bennouna',0),(280,22,'Skotnikov',0),(281,22,'Cançado Trindade',0),(282,22,'Yusuf',0),(283,22,'Greenwood',0),(284,22,'Xue',0),(285,22,'Donoghue',0),(286,22,'Roucounas',1),(287,22,'Vukas',1),(288,24,'Koroma',0),(289,24,'Al - Khasawneh',0),(290,24,'Abraham',0),(291,24,'Keith',0),(292,24,'Sepúlveda -Amor',0),(293,24,'Bennouna',0),(294,24,'Skotnikov',0),(295,24,'Cançado Trindade',0),(296,24,'Yusuf',0),(297,24,'Greenwood',0),(298,24,'Xue',0),(299,24,'Donoghue',0),(300,25,'Koroma',0),(301,25,'Al-Khasawneh',0),(302,25,'Simma',0),(303,25,'Abraham',0),(304,25,'Keith',0),(305,25,'Bennouna',0),(306,25,'Skotnikov',0),(307,25,'Cançado Trindade',0),(308,25,'Yusuf',0),(309,25,'Greenwood',0),(310,25,'Xue',0),(311,25,'Donoghue',0),(312,25,'Guillaume',1),(313,25,'Cot',1),(314,27,'Koroma',0),(315,27,'Al- Khasawneh',0),(316,27,'Simma',0),(317,27,'Abraham',0),(318,27,'Keith',0),(319,27,'Sepúlveda-Amor',0),(320,27,'Bennouna',0),(321,27,'Skotnikov',0),(322,27,'Cançado Trindade',0),(323,27,'Yusuf',0),(324,27,'Green- Wood',0),(325,27,'Xue',0),(326,27,'Donoghue',0),(327,27,'Gaja',1),(328,28,'Koroma',0),(329,28,'Al- Khasawneh',0),(330,28,'Simma',0),(331,28,'Abraham',0),(332,28,'Keith',0),(333,28,'Sepúlveda-Amor',0),(334,28,'Bennouna',0),(335,28,'Skotnikov',0),(336,28,'Cançado Trindade',0),(337,28,'Yusuf',0),(338,28,'Xue',0),(339,28,'Donoghue',0),(340,28,'Cot',1),(341,28,'Gaja',1),(342,29,'Koroma',0),(343,29,'Al- Khasawneh',0),(344,29,'Simma',0),(345,29,'Abraham',0),(346,29,'Keith',0),(347,29,'Sepúlveda-Amor',0),(348,29,'Bennouna',0),(349,29,'Cançado Trindade',0),(350,29,'Yusuf',0),(351,29,'Xue',0),(352,29,'Donoghue',0),(353,29,'Cot',1),(354,29,'Gaja',1),(355,30,'Koroma',0),(356,30,'Al-Khasawneh',0),(357,30,'Simma',0),(358,30,'Abraham',0),(359,30,'Keith',0),(360,30,'Sepúlveda-Amor',0),(361,30,'Skotnikov',0),(362,30,'Cançado Trindade',0),(363,30,'Yusuf',0),(364,30,'Greenwood',0),(365,30,'Xue',0),(366,30,'Donoghue',0),(367,31,'Koroma',0),(368,31,'Al-Khasawneh',0),(369,31,'Simma',0),(370,31,'Abraham',0),(371,31,'Keith',0),(372,31,'Sepúlveda-Amor',0),(373,31,'Skotnikov',0),(374,31,'Cançado Trindade',0),(375,31,'Yusuf',0),(376,31,'Greenwood',0),(377,31,'Xue',0),(378,31,'Donoghu E',0),(379,32,'Koroma',0),(380,32,'Al- Khasawneh',0),(381,32,'Simma',0),(382,32,'Abraham',0),(383,32,'Keith',0),(384,32,'Sepúlveda-Amor',0),(385,32,'Bennouna',0),(386,32,'Skotnikov',0),(387,32,'Cançado Trindade',0),(388,32,'Yusuf',0),(389,32,'Greenwood',0),(390,32,'Xue',0),(391,32,'Donoghue',0),(392,32,'Gaja',1),(393,33,'Koroma',0),(394,33,'Al-Khasawneh',0),(395,33,'Simma',0),(396,33,'Abraham',0),(397,33,'Keith',0),(398,33,'Sepúlveda-Amor',0),(399,33,'Bennouna',0),(400,33,'Skotnikov',0),(401,33,'Cançado Trindade',0),(402,33,'Yusuf',0),(403,33,'Green- Wood',0),(404,33,'Xue',0),(405,33,'Donoghue',0),(406,33,'Guillaume',1),(407,33,'Dugard',1),(408,35,'Al-Khasawneh',0),(409,35,'Simma',0),(410,35,'Abraham',0),(411,35,'Keith',0),(412,35,'Sepúlveda-Amor',0),(413,35,'Bennouna',0),(414,35,'Skotnikov',0),(415,35,'Cançado Trindade',0),(416,35,'Yusuf',0),(417,35,'Greenwood',0),(418,35,'Mahiou',1),(419,35,'Mampuya',1),(420,36,'Koroma',0),(421,36,'Al-Khasawneh',0),(422,36,'Simma',0),(423,36,'Keith',0),(424,36,'Sepúlveda-Amor',0),(425,36,'Bennouna',0),(426,36,'Skotnikov',0),(427,36,'Cançado Trindade',0),(428,36,'Yusuf',0),(429,36,'Greenwood',0),(430,36,'Xue',0),(431,36,'Donoghue',0),(432,37,'Koroma',0),(433,37,'Simma',0),(434,37,'Abraham',0),(435,37,'Keith',0),(436,37,'Sepúlveda-Amor',0),(437,37,'Bennouna',0),(438,37,'Skotnikov',0),(439,37,'Cançado Trindade',0),(440,37,'Yusuf',0),(441,37,'Greenwood',0),(442,37,'Xue',0),(443,37,'Donoghue',0),(444,39,'Koroma',0),(445,39,'Al-Khasawneh',0),(446,39,'Buergenthal',0),(447,39,'Simma',0),(448,39,'Abraham',0),(449,39,'Keith',0),(450,39,'Sepúlveda- Amor',0),(451,39,'Bennouna',0),(452,39,'Skotnikov',0),(453,39,'Cançado Trindade',0),(454,39,'Yusuf',0),(455,39,'Green- Wood',0),(456,40,'Koroma',0),(457,40,'Al-Khasawneh',0),(458,40,'Buergenthal',0),(459,40,'Simma',0),(460,40,'Abraham',0),(461,40,'Keith',0),(462,40,'Sepúlveda-Amor',0),(463,40,'Bennouna',0),(464,40,'Skotnikov',0),(465,40,'Cançado Trindade',0),(466,40,'Yusuf',0),(467,40,'Greenwood',0),(468,41,'Koroma',0),(469,41,'Al-Khasawneh',0),(470,41,'Buergenthal',0),(471,41,'Simma',0),(472,41,'Abraham',0),(473,41,'Keith',0),(474,41,'Sepúlveda-Amor',0),(475,41,'Bennouna',0),(476,41,'Skotnikov',0),(477,41,'Cançado Trindade',0),(478,41,'Greenwood',0),(479,41,'Gaja',1),(480,42,'Koroma',0),(481,42,'Al-Khasawneh',0),(482,42,'Abraham',0),(483,42,'Keith',0),(484,42,'Sepúlveda-Amor',0),(485,42,'Skotnikov',0),(486,42,'Cançado Trindade',0),(487,42,'Yusuf',0),(488,42,'Greenwood',0),(489,44,'Shi',0),(490,44,'Al-Khasawneh',0),(491,44,'Buergenthal',0),(492,44,'Simma',0),(493,44,'Abraham',0),(494,44,'Keith',0),(495,44,'Sepúlveda-Amor',0),(496,44,'Bennouna',0),(497,44,'Skotnikov',0),(498,44,'Cançado Trindade',0),(499,44,'Yusuf',0),(500,44,'Greenwood',0),(501,45,'Shi',0),(502,45,'Al-Khasawneh',0),(503,45,'Buergenthal',0),(504,45,'Simma',0),(505,45,'Keith',0),(506,45,'Sepúlveda-Amor',0),(507,45,'Bennouna',0),(508,45,'Skotnikov',0),(509,45,'Cançado Trindade',0),(510,45,'Yusuf',0),(511,46,'Koroma',0),(512,46,'Al-Khasawneh',0),(513,46,'Simma',0),(514,46,'Abraham',0),(515,46,'Keith',0),(516,46,'Sepúlveda-Amor',0),(517,46,'Bennouna',0),(518,46,'Skotnikov',0),(519,46,'Cançado Trindade',0),(520,46,'Yusuf',0),(521,46,'Greenwood',0),(522,46,'Torres Bernárdez',1),(523,46,'Vinuesa',1),(524,47,'Koroma',0),(525,47,'Al-Khasawneh',0),(526,47,'Simma',0),(527,47,'Abraham',0),(528,47,'Keith',0),(529,47,'Sepúlveda-Amor',0),(530,47,'Bennouna',0),(531,47,'Skotnikov',0),(532,47,'Cançado Trindade',0),(533,47,'Yusuf',0),(534,47,'Green- Wood',0),(535,48,'Shi',0),(536,48,'Koroma',0),(537,48,'Buergenthal',0),(538,48,'Simma',0),(539,48,'Abraham',0),(540,48,'Keith',0),(541,48,'Sepúlveda- Amor',0),(542,48,'Bennouna',0),(543,48,'Skotnikov',0),(544,48,'Yusuf',0),(545,48,'Greenwood',0),(546,49,'Shi',0),(547,49,'Koroma',0),(548,49,'Buergenthal',0),(549,49,'Simma',0),(550,49,'Abraham',0),(551,49,'Keith',0),(552,49,'Sepúlveda-Amor',0),(553,49,'Bennouna',0),(554,49,'Skotnikov',0),(555,49,'Yusuf',0),(556,49,'Greenwood',0),(557,50,'Shi',0),(558,50,'Koroma',0),(559,50,'Al-Khasawneh',0),(560,50,'Buergenthal',0),(561,50,'Simma',0),(562,50,'Abraham',0),(563,50,'Keith',0),(564,50,'Sepúlveda-Amor',0),(565,50,'Bennouna',0),(566,50,'Skotnikov',0),(567,50,'Cançado Trindade',0),(568,50,'Yusuf',0),(569,50,'Greenwood',0),(570,51,'Shi',0),(571,51,'Koroma',0),(572,51,'Al-Khasawneh',0),(573,51,'Simma',0),(574,51,'Keith',0),(575,51,'Bennouna',0),(576,51,'Skotnikov',0),(577,51,'Cançado Trindade',0),(578,51,'Yusuf',0),(579,51,'Greenwood',0),(580,52,'Shi',0),(581,52,'Koroma',0),(582,52,'Al-Khasawneh',0),(583,52,'Buer- Genthal',0),(584,52,'Abraham',0),(585,52,'Keith',0),(586,52,'Sepúlveda-Amor',0),(587,52,'Bennouna',0),(588,52,'Skotnikov',0),(589,52,'Cançado Trindade',0),(590,52,'Yusuf',0),(591,52,'Greenwood',0),(592,52,'Guillaume',1),(593,53,'Koroma',0),(594,53,'Al-Khasawneh',0),(595,53,'Buergenthal',0),(596,53,'Simma',0),(597,53,'Keith',0),(598,53,'Sepúlveda- Amor',0),(599,53,'Bennouna',0),(600,53,'Skotnikov',0),(601,53,'Cançado Trindade',0),(602,53,'Yusuf',0),(603,53,'Greenwood',0),(604,54,'Shi',0),(605,54,'Koroma',0),(606,54,'Al-Khasawneh',0),(607,54,'Simma',0),(608,54,'Abraham',0),(609,54,'Sepúlveda-Amor',0),(610,54,'Bennouna',0),(611,54,'Skotnikov',0),(612,54,'Cançado Trindade',0),(613,54,'Yusuf',0),(614,54,'Greenwood',0),(615,54,'Sur',1),(616,54,'Kirsch',1),(617,55,'Shi',0),(618,55,'Koroma',0),(619,55,'Buergenthal',0),(620,55,'Abraham',0),(621,55,'Keith',0),(622,55,'Sepúlveda-Amor',0),(623,55,'Bennouna',0),(624,55,'Cançado Trindade',0),(625,55,'Yusuf',0),(626,55,'Greenwood',0),(627,56,'Ranjeva',0),(628,56,'Shi',0),(629,56,'Koroma',0),(630,56,'Buergenthal',0),(631,56,'Owada',0),(632,56,'Tomka',0),(633,56,'Abraham',0),(634,56,'Keith',0),(635,56,'Sepúlveda-Amor',0),(636,56,'Bennouna',0),(637,56,'Skotnikov',0),(638,56,'Cot',1),(639,56,'Oxman',1),(640,57,'Ranjeva',0),(641,57,'Shi',0),(642,57,'Koroma',0),(643,57,'Buergenthal',0),(644,57,'Owada',0),(645,57,'Simma',0),(646,57,'Tomka',0),(647,57,'Abraham',0),(648,57,'Keith',0),(649,57,'Sepúlveda-Amor',0),(650,57,'Bennouna',0),(651,58,'Ranjeva',0),(652,58,'Shi',0),(653,58,'Koroma',0),(654,58,'Buergenthal',0),(655,58,'Owada',0),(656,58,'Simma',0),(657,58,'Tomka',0),(658,58,'Abraham',0),(659,58,'Keith',0),(660,58,'Sepúlveda-Amor',0),(661,58,'Bennouna',0),(662,59,'Ranjeva',0),(663,59,'Koroma',0),(664,59,'Buergenthal',0),(665,59,'Owada',0),(666,59,'Tomka',0),(667,59,'Abraham',0),(668,59,'Keith',0),(669,59,'Sepúlveda-Amor',0),(670,59,'Bennouna',0),(671,59,'Skotnikov',0),(672,60,'Ranjeva',0),(673,60,'Koroma',0),(674,60,'Buergenthal',0),(675,60,'Owada',0),(676,60,'Tomka',0),(677,60,'Abraham',0),(678,60,'Keith',0),(679,60,'Sepúlveda-Amor',0),(680,60,'Bennouna',0),(681,60,'Skotnikov',0),(682,62,'Ranjeva',0),(683,62,'Shi',0),(684,62,'Koroma',0),(685,62,'Parra-Aranguren',0),(686,62,'Buergenthal',0),(687,62,'Owada',0),(688,62,'Simma',0),(689,62,'Tomka',0),(690,62,'Abraham',0),(691,62,'Keith',0),(692,62,'Sepúlveda-Amor',0),(693,62,'Bennouna',0),(694,62,'Skotnikov',0),(695,62,'Vukas',1),(696,62,'Krec U A',1),(697,63,'Ranjeva',0),(698,63,'Shi',0),(699,63,'Koroma',0),(700,63,'Parra-Aranguren',0),(701,63,'Buergenthal',0),(702,63,'Owada',0),(703,63,'Simma',0),(704,63,'Tomka',0),(705,63,'Abraham',0),(706,63,'Keith',0),(707,63,'Bennouna',0),(708,63,'Skotnikov',0),(709,64,'Ranjeva',0),(710,64,'Shi',0),(711,64,'Koroma',0),(712,64,'Buergenthal',0),(713,64,'Owada',0),(714,64,'Simma',0),(715,64,'Tomka',0),(716,64,'Abraham',0),(717,64,'Keith',0),(718,64,'Sepúlveda-Amor',0),(719,64,'Bennouna',0),(720,64,'Skotnikov',0),(721,64,'Gaja',1),(722,65,'Ranjeva',0),(723,65,'Koroma',0),(724,65,'Buergenthal',0),(725,65,'Owada',0),(726,65,'Tomka',0),(727,65,'Abraham',0),(728,65,'Keith',0),(729,65,'Sepúlveda-Amor',0),(730,65,'Bennouna',0),(731,65,'Skotnikov',0),(732,66,'Ranjeva',0),(733,66,'Shi',0),(734,66,'Koroma',0),(735,66,'Parra-Aranguren',0),(736,66,'Buergenthal',0),(737,66,'Owada',0),(738,66,'Simma',0),(739,66,'Tomka',0),(740,66,'Keith',0),(741,66,'Sepúlveda-Amor',0),(742,66,'Bennouna',0),(743,66,'Skotnikov',0),(744,66,'Guillaume',1),(745,66,'Yusuf',1),(746,67,'Ranjeva',0),(747,67,'Shi',0),(748,67,'Koroma',0),(749,67,'Parra-Aranguren',0),(750,67,'Buergenthal',0),(751,67,'Owada',0),(752,67,'Tomka',0),(753,67,'Abraham',0),(754,67,'Keith',0),(755,67,'Bennouna',0),(756,67,'Skotnikov',0),(757,68,'Ranjeva',0),(758,68,'Shi',0),(759,68,'Koroma',0),(760,68,'Parra-Aranguren',0),(761,68,'Buergenthal',0),(762,68,'Owada',0),(763,68,'Simma',0),(764,68,'Tomka',0),(765,68,'Abraham',0),(766,68,'Keith',0),(767,68,'Sepúlveda-Amor',0),(768,68,'Bennouna',0),(769,68,'Skotnikov',0),(770,68,'Dugard',1),(771,68,'Sreenivasa Rao',1),(772,69,'Ranjeva',0),(773,69,'Shi',0),(774,69,'Koroma',0),(775,69,'Parra- Aranguren',0),(776,69,'Buergenthal',0),(777,69,'Owada',0),(778,69,'Simma',0),(779,69,'Tomka',0),(780,69,'Abra- Ham',0),(781,69,'Keith',0),(782,69,'Bennouna',0),(783,70,'Shi',0),(784,70,'Koroma',0),(785,70,'Parra-Aranguren',0),(786,70,'Buergenthal',0),(787,70,'Owada',0),(788,70,'Simma',0),(789,70,'Tomka',0),(790,70,'Keith',0),(791,70,'Sepúlveda-Amor',0),(792,70,'Bennouna',0),(793,70,'Skot- Nikov',0),(794,72,'Ranjeva',0),(795,72,'Shi',0),(796,72,'Koroma',0),(797,72,'Parra-Aranguren',0),(798,72,'Buergenthal',0),(799,72,'Owada',0),(800,72,'Simma',0),(801,72,'Tomka',0),(802,72,'Abraham',0),(803,72,'Keith',0),(804,72,'Sepúlveda-Amor',0),(805,72,'Bennouna',0),(806,72,'Skotnikov',0),(807,72,'Fortier',1),(808,72,'Gaja',1),(809,73,'Ranjeva',0),(810,73,'Shi',0),(811,73,'Koroma',0),(812,73,'Parra-Aranguren',0),(813,73,'Buergenthal',0),(814,73,'Owada',0),(815,73,'Tomka',0),(816,73,'Abraham',0),(817,73,'Keith',0),(818,73,'Sepúlveda-Amor',0),(819,73,'Bennouna',0),(820,73,'Skotnikov',0),(821,74,'Ranjeva',0),(822,74,'Shi',0),(823,74,'Koroma',0),(824,74,'Parra-Aranguren',0),(825,74,'Buergenthal',0),(826,74,'Owada',0),(827,74,'Simma',0),(828,74,'Tomka',0),(829,74,'Abraham',0),(830,74,'Keith',0),(831,74,'Sepúlveda-Amor',0),(832,74,'Bennouna',0),(833,74,'Skotnikov',0),(834,74,'Torres Bernárdez',1),(835,74,'Gaja',1),(836,75,'Ranjeva',0),(837,75,'Shi',0),(838,75,'Parra-Aranguren',0),(839,75,'Buergenthal',0),(840,75,'Owada',0),(841,75,'Tomka',0),(842,75,'Abraham',0),(843,75,'Keith',0),(844,75,'Sepúlveda-Amor',0),(845,75,'Bennouna',0),(846,75,'Skotnikov',0),(847,76,'Ranjeva',0),(848,76,'Shi',0),(849,76,'Koroma',0),(850,76,'Parra-Aranguren',0),(851,76,'Buergenthal',0),(852,76,'Owada',0),(853,76,'Simma',0),(854,76,'Tomka',0),(855,76,'Abraham',0),(856,76,'Keith',0),(857,76,'Sepúlveda-Amor',0),(858,76,'Bennouna',0),(859,76,'Skotnikov',0),(860,77,'Shi',0),(861,77,'Koroma',0),(862,77,'Parra-Aranguren',0),(863,77,'Owada',0),(864,77,'Tomka',0),(865,77,'Abraham',0),(866,77,'Keith',0),(867,77,'Sepúlveda-Amor',0),(868,77,'Bennouna',0),(869,77,'Skotnikov',0),(870,78,'Ranjeva',0),(871,78,'Shi',0),(872,78,'Koroma',0),(873,78,'Buergenthal',0),(874,78,'Owada',0),(875,78,'Simma',0),(876,78,'Tomka',0),(877,78,'Abraham',0),(878,78,'Keith',0),(879,78,'Bennouna',0),(880,78,'Skotnikov',0),(881,78,'Mahiou',1),(882,78,'Mampuya',1),(883,79,'Ranjeva',0),(884,79,'Shi',0),(885,79,'Koroma',0),(886,79,'Owada',0),(887,79,'Simma',0),(888,79,'Tomka',0),(889,79,'Abraham',0),(890,79,'Keith',0),(891,79,'Sepúlveda- Amor',0),(892,79,'Bennouna',0),(893,79,'Skotnikov',0),(894,79,'Mahiou',1),(895,79,'Krec U A',1),(896,80,'Ranjeva',0),(897,80,'Shi',0),(898,80,'Koroma',0),(899,80,'Buergenthal',0),(900,80,'Owada',0),(901,80,'Simma',0),(902,80,'Abra- Ham',0),(903,80,'Keith',0),(904,80,'Sepúlveda-Amor',0),(905,80,'Bennouna',0),(906,80,'Skotnikov',0),(907,80,'Torres Bernárdez',1),(908,80,'Vinuesa',1),(909,81,'Ranjeva',0),(910,81,'Shi',0),(911,81,'Koroma',0),(912,81,'Buergenthal',0),(913,81,'Owada',0),(914,81,'Simma',0),(915,81,'Tomka',0),(916,81,'Keith',0),(917,81,'Sepúlveda-Amor',0),(918,81,'Bennouna',0),(919,81,'Skotnikov',0),(920,82,'Ranjeva',0),(921,82,'Koroma',0),(922,82,'Parra-Aranguren',0),(923,82,'Buergenthal',0),(924,82,'Owada',0),(925,82,'Simma',0),(926,82,'Abraham',0),(927,82,'Keith',0),(928,82,'Sepúlveda-Amor',0),(929,82,'Bennouna',0),(930,82,'Skotnikov',0),(931,82,'Torres Bernárdez',1),(932,82,'Vinuesa',1),(933,83,'Koroma',0),(934,83,'Parra-Aranguren',0),(935,83,'Buergenthal',0),(936,83,'Owada',0),(937,83,'Simma',0),(938,83,'Tomka',0),(939,83,'Keith',0),(940,83,'Sepúlveda- Amor',0),(941,83,'Bennouna',0),(942,83,'Skotnikov',0),(943,83,'Torres Bernárdez',1),(944,84,'Shi',0),(945,84,'Parra-Aranguren',0),(946,84,'Buergenthal',0),(947,84,'Owada',0),(948,84,'Tomka',0),(949,84,'Abraham',0),(950,84,'Skotnikov',0),(951,85,'Koroma',0),(952,85,'Parra-Aranguren',0),(953,85,'Buergenthal',0),(954,85,'Owada',0),(955,85,'Simma',0),(956,85,'Abraham',0),(957,85,'Keith',0),(958,85,'Sepúlveda-Amor',0),(959,85,'Bennouna',0),(960,85,'Skotnikov',0),(961,86,'Koroma',0),(962,86,'Vereshchetin',0),(963,86,'Higgins',0),(964,86,'Parra-Aranguren',0),(965,86,'Kooijmans',0),(966,86,'Rezek',0),(967,86,'Al-Khasawneh',0),(968,86,'Buergenthal',0),(969,86,'Elaraby',0),(970,86,'Owada',0),(971,86,'Simma',0),(972,86,'Tomka',0),(973,86,'Abraham',0),(974,86,'Dugard',1),(975,86,'Mavungu',1),(976,87,'Koroma',0),(977,87,'Vereshchetin',0),(978,87,'Higgins',0),(979,87,'Parra-Aranguren',0),(980,87,'Kooijmans',0),(981,87,'Al-Khasawneh',0),(982,87,'Buergenthal',0),(983,87,'Elaraby',0),(984,87,'Owada',0),(985,87,'Simma',0),(986,87,'Tomka',0),(987,88,'Koroma',0),(988,88,'Vereshchetin',0),(989,88,'Higgins',0),(990,88,'Parra-Aranguren',0),(991,88,'Kooijmans',0),(992,88,'Rezek',0),(993,88,'Al-Khasawneh',0),(994,88,'Buergenthal',0),(995,88,'Elaraby',0),(996,88,'Owada',0),(997,88,'Simma',0),(998,88,'Tomka',0),(999,88,'Abraham',0),(1000,88,'Verhoeven',1),(1001,88,'Kateka',1),(1002,89,'Koroma',0),(1003,89,'Vereshchetin',0),(1004,89,'Higgins',0),(1005,89,'Parra-Aranguren',0),(1006,89,'Kooijmans',0),(1007,89,'Rezek',0),(1008,89,'Al-Khasawneh',0),(1009,89,'Buergenthal',0),(1010,89,'Owada',0),(1011,89,'Abraham',0),(1012,90,'Kooijmans',0),(1013,90,'Abraham',0),(1014,90,'Bedjaoui',1),(1015,90,'Bennouna',1),(1016,92,'Koroma',0),(1017,92,'Vereshchetin',0),(1018,92,'Higgins',0),(1019,92,'Parra-Aranguren',0),(1020,92,'Kooijmans',0),(1021,92,'Rezek',0),(1022,92,'Al-Khasawneh',0),(1023,92,'Buergenthal',0),(1024,92,'Elaraby',0),(1025,92,'Owada',0),(1026,92,'Simma',0),(1027,92,'Abraham',0),(1028,93,'Guillaume',0),(1029,93,'Koroma',0),(1030,93,'Vereshchetin',0),(1031,93,'Higgins',0),(1032,93,'Parra-Aranguren',0),(1033,93,'Kooijmans',0),(1034,93,'Rezek',0),(1035,93,'Al-Khasawneh',0),(1036,93,'Buergenthal',0),(1037,93,'Elaraby',0),(1038,93,'Owada',0),(1039,93,'Tomka',0),(1040,93,'Fleischhauer',1),(1041,93,'Sir Franklin Berman',1),(1042,94,'Guillaume',0),(1043,94,'Koroma',0),(1044,94,'Vereshchetin',0),(1045,94,'Parra-Aranguren',0),(1046,94,'Kooijmans',0),(1047,94,'Rezek',0),(1048,94,'Al-Khasawneh',0),(1049,94,'Buergenthal',0),(1050,94,'Elaraby',0),(1051,94,'Owada',0),(1052,94,'Tomka',0),(1053,96,'Guillaume',0),(1054,96,'Koroma',0),(1055,96,'Vereshchetin',0),(1056,96,'Higgins',0),(1057,96,'Parra-Aranguren',0),(1058,96,'Kooijmans',0),(1059,96,'Rezek',0),(1060,96,'Al-Khasawneh',0),(1061,96,'Buergenthal',0),(1062,96,'Elaraby',0),(1063,96,'Owada',0),(1064,96,'Tomka',0),(1065,96,'Krec Ua',1),(1066,97,'Guillaume',0),(1067,97,'Koroma',0),(1068,97,'Vereshchetin',0),(1069,97,'Higgins',0),(1070,97,'Parra-Aranguren',0),(1071,97,'Kooijmans',0),(1072,97,'Rezek',0),(1073,97,'Al-Khasawneh',0),(1074,97,'Buergenthal',0),(1075,97,'Elaraby',0),(1076,97,'Owada',0),(1077,97,'Tomka',0),(1078,97,'Krec U A',1),(1079,98,'Guillaume',0),(1080,98,'Koroma',0),(1081,98,'Vereshchetin',0),(1082,98,'Higgins',0),(1083,98,'Parra-Aranguren',0),(1084,98,'Kooijmans',0),(1085,98,'Rezek',0),(1086,98,'Al-Khasawneh',0),(1087,98,'Buergenthal',0),(1088,98,'Elaraby',0),(1089,98,'Owada',0),(1090,98,'Tomka',0),(1091,98,'Krec U A',1),(1092,99,'Guillaume',0),(1093,99,'Koroma',0),(1094,99,'Vereshchetin',0),(1095,99,'Higgins',0),(1096,99,'Parra-Aranguren',0),(1097,99,'Kooijmans',0),(1098,99,'Rezek',0),(1099,99,'Al-Khasawneh',0),(1100,99,'Buergenthal',0),(1101,99,'Elaraby',0),(1102,99,'Owada',0),(1103,99,'Tomka',0),(1104,99,'Krec U A',1),(1105,100,'Guillaume',0),(1106,100,'Koroma',0),(1107,100,'Vereshchetin',0),(1108,100,'Higgins',0),(1109,100,'Parra-Aranguren',0),(1110,100,'Kooijmans',0),(1111,100,'Rezek',0),(1112,100,'Al-Khasawneh',0),(1113,100,'Buergenthal',0),(1114,100,'Elaraby',0),(1115,100,'Owada',0),(1116,100,'Tomka',0),(1117,100,'Krec U A',1),(1118,101,'Guillaume',0),(1119,101,'Koroma',0),(1120,101,'Vereshchetin',0),(1121,101,'Higgins',0),(1122,101,'Parra-Aranguren',0),(1123,101,'Kooijmans',0),(1124,101,'Rezek',0),(1125,101,'Al-Khasawneh',0),(1126,101,'Buergenthal',0),(1127,101,'Elaraby',0),(1128,101,'Owada',0),(1129,101,'Tomka',0),(1130,101,'Krec U A',1),(1131,102,'Guillaume',0),(1132,102,'Koroma',0),(1133,102,'Vereshchetin',0),(1134,102,'Higgins',0),(1135,102,'Parra-Aranguren',0),(1136,102,'Kooijmans',0),(1137,102,'Rezek',0),(1138,102,'Al-Khasawneh',0),(1139,102,'Buergenthal',0),(1140,102,'Elaraby',0),(1141,102,'Owada',0),(1142,102,'Tomka',0),(1143,102,'Krec U A',1),(1144,103,'Guillaume',0),(1145,103,'Koroma',0),(1146,103,'Vereshchetin',0),(1147,103,'Higgins',0),(1148,103,'Parra-Aranguren',0),(1149,103,'Kooijmans',0),(1150,103,'Rezek',0),(1151,103,'Al-Khasawneh',0),(1152,103,'Buergenthal',0),(1153,103,'Elaraby',0),(1154,103,'Owada',0),(1155,103,'Tomka',0),(1156,103,'Krec U A',1),(1157,105,'Koroma',0),(1158,105,'Vereshchetin',0),(1159,105,'Higgins',0),(1160,105,'Parra-Aranguren',0),(1161,105,'Kooijmans',0),(1162,105,'Rezek',0),(1163,105,'Al-Khasawneh',0),(1164,105,'Buergenthal',0),(1165,105,'Owada',0),(1166,105,'Tomka',0),(1167,107,'Guillaume',0),(1168,107,'Koroma',0),(1169,107,'Vereshchetin',0),(1170,107,'Hiuuins',0),(1171,107,'Parra-Aranuuren',0),(1172,107,'Kooijmans',0),(1173,107,'Rezek',0),(1174,107,'Al-Khasawpieh',0),(1175,107,'Bueruenthal',0),(1176,107,'Elaraby',0),(1177,107,'Owada',0),(1178,107,'Simma',0),(1179,107,'Tomka',0),(1180,108,'Guillaume',0),(1181,108,'Koroma',0),(1182,108,'Vereshchetin',0),(1183,108,'Higgins',0),(1184,108,'Parra-Aranguren',0),(1185,108,'Kooltmans',0),(1186,108,'Rezek',0),(1187,108,'Al-Khasawneh',0),(1188,108,'Buergenthal',0),(1189,108,'Elaraby',0),(1190,108,'Owada',0),(1191,108,'Simma',0),(1192,108,'Tomka',0),(1193,109,'Guillaume',0),(1194,109,'Koroma',0),(1195,109,'Vereshchfi\'in',0),(1196,109,'Hicgins',0),(1197,109,'Parra-Aranguken',0),(1198,109,'Kwijmans',0),(1199,109,'Rezek',0),(1200,109,'A]',0),(1201,110,'Guillaume',0),(1202,110,'Koroma',0),(1203,110,'Vereshchetin',0),(1204,110,'Higgins',0),(1205,110,'Parra-Aranguren',0),(1206,110,'Kooij- Mans',0),(1207,110,'Rezek',0),(1208,110,'Al-Khasawneh',0),(1209,110,'Buergenthal',0),(1210,110,'Owada',0),(1211,110,'Simma',0),(1212,110,'Tomka',0),(1213,113,'Guillaume',0),(1214,113,'Koroma',0),(1215,113,'Vereshchetin',0),(1216,113,'Higgins',0),(1217,113,'Parra-Aranguren',0),(1218,113,'Kooijmans',0),(1219,113,'Rezek',0),(1220,113,'6',0),(1221,122,'Oda',0),(1222,122,'Ranjeva',0),(1223,122,'Herczegh',0),(1224,122,'Fleischhauer',0),(1225,122,'Koroma',0),(1226,122,'Veresh- Chetin',0),(1227,122,'Higgins',0),(1228,122,'Parra-Aranguren',0),(1229,122,'Kooijmans',0),(1230,122,'Rezek',0),(1231,122,'Al- Khasawneh',0),(1232,122,'Buergenthal',0),(1233,122,'Elaraby',0),(1234,123,'Oda',0),(1235,123,'Ranjeva',0),(1236,123,'Herczegh',0),(1237,123,'Fleischhauer',0),(1238,123,'Koroma',0),(1239,123,'Veresh- Chetin',0),(1240,123,'Higgins',0),(1241,123,'Parra-Aranguren',0),(1242,123,'K~oijmans',0),(1243,123,'Rezek',0),(1244,123,'Al- Khasawneh',0),(1245,123,'Buergenthai-',0),(1246,123,'Elaraby',0),(1247,125,'Oda',0),(1248,125,'Ranjeva',0),(1249,125,'Herczegh',0),(1250,125,'Fleischhauer',0),(1251,125,'Koroma',0),(1252,125,'Vereshchetin',0),(1253,125,'Higgins',0),(1254,125,'Parra-Aranguren',0),(1255,125,'Kooijmans',0),(1256,125,'Rezek',0),(1257,125,'Al- Khasawneh',0),(1258,125,'Buergenthal',0),(1259,125,'Elaraby',0),(1260,126,'Oda',0),(1261,126,'Ranjeva',0),(1262,126,'Herczegh',0),(1263,126,'Fleischhauer',0),(1264,126,'Koroma',0),(1265,126,'Vereshchetin',0),(1266,126,'Higgins',0),(1267,126,'Parra- Arangures',0),(1268,126,'Kooijmans',0),(1269,126,'Rezek',0),(1270,126,'Al-Khasawneh',0),(1271,126,'Buergenthal',0),(1272,126,'Elaraby',0),(1273,127,'Oda',0),(1274,127,'Ranjeva',0),(1275,127,'Herczegh',0),(1276,127,'Fleischhauer',0),(1277,127,'Koroma',0),(1278,127,'Vereshchetin',0),(1279,127,'Higgins',0),(1280,127,'Parra-Aranguren',0),(1281,127,'Kooijmans',0),(1282,127,'Rezek',0),(1283,127,'Al-Khasaw- Neh',0),(1284,127,'Buergenthal',0),(1285,127,'Elaraby',0),(1286,128,'Oda',0),(1287,128,'Ranjeva',0),(1288,128,'Herczegh',0),(1289,128,'Fleischhauer',0),(1290,128,'Koroma',0),(1291,128,'Vereshchetin',0),(1292,128,'Higgins',0),(1293,128,'Parra-Aranguren',0),(1294,128,'Kooijmans',0),(1295,128,'Rezek',0),(1296,128,'Al- Khasawneh',0),(1297,128,'Buergenthal',0),(1298,128,'Elaraby',0),(1299,129,'Ranjeva',0),(1300,129,'Herczegh',0),(1301,129,'Fleischhaijer',0),(1302,129,'Koroma',0),(1303,129,'Vereshchetin',0),(1304,129,'Higgins',0),(1305,129,'Parra- Aranguren',0),(1306,129,'Kooijmans',0),(1307,129,'Rezek',0),(1308,129,'Al-Khasawneh',0),(1309,129,'Buergen- Thal',0),(1310,129,'Elaf~aby',0),(1311,130,'Ranjeva',0),(1312,130,'Herczegh',0),(1313,130,'Fleischhauer',0),(1314,130,'Koroma',0),(1315,130,'Vereshchetin',0),(1316,130,'Higgins',0),(1317,130,'Parra-Aranguren',0),(1318,130,'Kooijmans',0),(1319,130,'Rezek',0),(1320,130,'Al-Khasawneh',0),(1321,130,'Buergenthal',0),(1322,130,'Elaraby',0),(1323,131,'Ranjeva',0),(1324,131,'Herczegh',0),(1325,131,'Fleischhauer',0),(1326,131,'Koroma',0),(1327,131,'Vereshchetin',0),(1328,131,'Higgins',0),(1329,131,'Parra-Aranguren',0),(1330,131,'Kooijmans',0),(1331,131,'Rezek',0),(1332,131,'Al-Khasawneh',0),(1333,131,'Buergenthal',0),(1334,131,'Elaraby',0),(1335,132,'Oda',0),(1336,133,'Oda',0),(1337,133,'Ranjeva',0),(1338,133,'Herczegh',0),(1339,133,'Fleischhauer',0),(1340,133,'Koroma',0),(1341,133,'Vereshchetin',0),(1342,133,'Higgins',0),(1343,133,'Parra-Aranguren',0),(1344,133,'Kooijmans',0),(1345,133,'Rezek',0),(1346,133,'Al- Khasawneh',0),(1347,133,'Buergenthal',0),(1348,133,'Elaraby',0),(1349,139,'Oda',0),(1350,139,'Ranjeva',0),(1351,139,'Herclegh',0),(1352,139,'Fleischhauer',0),(1353,139,'Koroma',0),(1354,139,'Hic~gins',0),(1355,139,'Parra-Aranguren',0),(1356,139,'Kooijmans',0),(1357,139,'Rezek',0),(1358,139,'Al- Khasawneh',0),(1359,139,'Buergenthal',0),(1360,139,'Elaraby',0),(1361,141,'Oda',0),(1362,141,'Ranjeva',0),(1363,141,'Herczegh',0),(1364,141,'Fleischhauer',0),(1365,141,'Koroma',0),(1366,141,'Higgins',0),(1367,141,'Parra-Aranguren',0),(1368,141,'Kooijmans',0),(1369,141,'Rezek',0),(1370,141,'Al- Khasawneh',0),(1371,141,'Buergenthal',0),(1372,141,'Elaraby',0),(1373,147,'Verhoeven',1),(1374,147,'Kateka',1),(1375,151,'Oda',0),(1376,151,'Ranjeva',0),(1377,151,'Fleischhauer',0),(1378,151,'Koroma',0),(1379,151,'Vereshchetin',0),(1380,151,'Higgins',0),(1381,151,'Parra-Aranguren',0),(1382,151,'Kooijmans',0),(1383,151,'Rezek',0),(1384,151,'Al-Khasawneh',0),(1385,151,'Buergenthal',0),(1386,152,'Oiia',0),(1387,152,'Bedjaoui',0),(1388,152,'Ranjeva',0),(1389,152,'Hekczegh',0),(1390,152,'Fleischi~aufr',0),(1391,152,'Koroma',0),(1392,152,'Vereshchetin',0),(1393,152,'Higgins',0),(1394,152,'Parra-Aranguren',0),(1395,152,'Koo~jmans',0),(1396,152,'Rezek',0),(1397,152,'Al-Khasawneh',0),(1398,152,'Bijergenthal',0),(1399,153,'Oda',0),(1400,153,'Ranjeva',0),(1401,153,'Fleischhauer',0),(1402,153,'Koroma',0),(1403,153,'Vereshchetin',0),(1404,153,'Higgins',0),(1405,153,'Parra-Aranguren',0),(1406,153,'Kooijmans',0),(1407,153,'Rezek',0),(1408,153,'Al- Khasawneh',0),(1409,153,'Buergenthal',0),(1410,153,'Bula-Bula',1),(1411,153,'Van Den Wyngaert',1),(1412,155,'Oda',0),(1413,155,'Bedjaoui',0),(1414,155,'Ranjeva',0),(1415,155,'Herczegh',0),(1416,155,'Fleischhauer',0),(1417,155,'Koroma',0),(1418,155,'Vereshchetin',0),(1419,155,'Hicci~s',0),(1420,155,'Parra-Aranguren',0),(1421,155,'Kooijmans',0),(1422,155,'Rezek',0),(1423,155,'Al-Khasawneh',0),(1424,155,'Buergenthal',0),(1425,155,'Torres Bernardez',1),(1426,155,'Fortier',1),(1427,156,'Oda',0),(1428,156,'Bedjaoui',0),(1429,156,'Ranjeva',0),(1430,156,'Herczegh',0),(1431,156,'Fleischhauer',0),(1432,156,'Koroma',0),(1433,156,'Vereshchetin',0),(1434,156,'Higgins',0),(1435,156,'Parra-Aranguren',0),(1436,156,'Kooijmans',0),(1437,156,'Rezek',0),(1438,156,'Al-Khasawneh',0),(1439,156,'Buergenthal',0),(1440,157,'Oda',0),(1441,157,'Bedjaoui',0),(1442,157,'Ranjeva',0),(1443,157,'Herczegh',0),(1444,157,'Fleischhauer',0),(1445,157,'Koroma',0),(1446,157,'Vereshchetin',0),(1447,157,'Higgins',0),(1448,157,'Parra-Aranguren',0),(1449,157,'Kooijmans',0),(1450,157,'Rezek',0),(1451,157,'Al-Khasawneh',0),(1452,157,'Buergenthal',0),(1453,158,'Oda',0),(1454,158,'Bedjaoui',0),(1455,158,'Ranjeva',0),(1456,158,'Herczegh',0),(1457,158,'Fleischhauer',0),(1458,158,'Koroma',0),(1459,158,'Vereshchetin',0),(1460,158,'Higgins',0),(1461,158,'Parra-Aranguren',0),(1462,158,'Kooijmans',0),(1463,158,'Rezek',0),(1464,158,'Al-Khasawneh',0),(1465,158,'Buergenthal',0),(1466,159,'Oda',0),(1467,159,'Bedjaoui',0),(1468,159,'Ranjeva',0),(1469,159,'Herczegh',0),(1470,159,'Fleischhauer',0),(1471,159,'Koroma',0),(1472,159,'Vereshchetin',0),(1473,159,'Higgins',0),(1474,159,'Parra-Aranguren',0),(1475,159,'Kooijmans',0),(1476,159,'Rezek',0),(1477,159,'Al-Khasawneh',0),(1478,159,'Buergenthal',0),(1479,160,'Oda',0),(1480,160,'Bedjaoui',0),(1481,160,'Ranjeva',0),(1482,160,'Herczegh',0),(1483,160,'Fleischhauer',0),(1484,160,'Koroma',0),(1485,160,'Vereshchetin',0),(1486,160,'Higgins',0),(1487,160,'Parra-Aranguren',0),(1488,160,'Kooijmans',0),(1489,160,'Rezek',0),(1490,160,'Al-Khasawneh',0),(1491,160,'Buergenthal',0),(1492,161,'Oda',0),(1493,161,'Bedjaoui',0),(1494,161,'Ranjeva',0),(1495,161,'Herczegh',0),(1496,161,'Fleischhauer',0),(1497,161,'Koroma',0),(1498,161,'Vereshchetin',0),(1499,161,'Higgins',0),(1500,161,'Parra-Aranguren',0),(1501,161,'Kooijmans',0),(1502,161,'Rezek',0),(1503,161,'Al-Khasawneh',0),(1504,161,'Buergenthal',0),(1505,162,'Oda',0),(1506,162,'Bedjaoui',0),(1507,162,'Ranjeva',0),(1508,162,'Herczegh',0),(1509,162,'Fleischhauer',0),(1510,162,'Koroma',0),(1511,162,'Vereshchetin',0),(1512,162,'Higgins',0),(1513,162,'Parra-Aranguren',0),(1514,162,'Kooijmans',0),(1515,162,'Rezek',0),(1516,162,'Al-Khasawneh',0),(1517,162,'Buergenthal',0),(1518,163,'Oda',0),(1519,163,'Bedjaoui',0),(1520,163,'Ranjeva',0),(1521,163,'Herczegh',0),(1522,163,'Fleischhauer',0),(1523,163,'Koroma',0),(1524,163,'Vereshchetin',0),(1525,163,'Higgins',0),(1526,163,'Parra-Aranguren',0),(1527,163,'Kooijmans',0),(1528,163,'Rezek',0),(1529,163,'Al-Khasawneh',0),(1530,163,'Buergenthal',0),(1531,169,'Oda',0),(1532,169,'Bedjaoui',0),(1533,169,'Ranjeva',0),(1534,169,'Herczegh',0),(1535,169,'Fleischhauer',0),(1536,169,'Koroma',0),(1537,169,'Vereshchetin',0),(1538,169,'Higgins',0),(1539,169,'Parra-Aranguren',0),(1540,169,'Kooijmans',0),(1541,169,'Rezek',0),(1542,169,'Al-Khasawneh',0),(1543,169,'Buergenthal',0),(1544,169,'Bula- Bula',1),(1545,169,'Van Den Wyngaert',1),(1546,185,'Oda',0),(1547,185,'Bedjaoui',0),(1548,185,'Ranjeva',0),(1549,185,'Herczegh',0),(1550,185,'Fleischhauer',0),(1551,185,'Koroma',0),(1552,185,'Vereshchetin',0),(1553,185,'Higgins',0),(1554,185,'Parra-Aranguren',0),(1555,185,'Kooijmans',0),(1556,185,'Rezek',0),(1557,185,'Al-Khasawneh',0),(1558,185,'Buergenthal',0),(1559,186,'Oda',0),(1560,186,'Bedjaoui',0),(1561,186,'Ranjeva',0),(1562,186,'Herczegh',0),(1563,186,'Fleischhauer',0),(1564,186,'Koroma',0),(1565,186,'Vereshchetin',0),(1566,186,'Higgins',0),(1567,186,'Parra-Aranguren',0),(1568,186,'Kooijmans',0),(1569,186,'Rezek',0),(1570,186,'Al-Khasawneh',0),(1571,186,'Buergenthal',0),(1572,187,'Oda',0),(1573,187,'Bedjaou[',0),(1574,187,'Ranjeva',0),(1575,187,'Herczegh',0),(1576,187,'Fleischhauer',0),(1577,187,'Koroma',0),(1578,187,'Vereshchetin',0),(1579,187,'Hicgins',0),(1580,187,'Parra-Aranguren',0),(1581,187,'Kooijmans',0),(1582,187,'Al-Khasawneh',0),(1583,187,'Buergenthal',0),(1584,189,'Oda',0),(1585,189,'Bedjaoui',0),(1586,189,'Ranjeva',0),(1587,189,'Fleischhauer',0),(1588,189,'Koroma',0),(1589,189,'Vereshchetin',0),(1590,189,'Higgins',0),(1591,189,'Parra-Aranguren',0),(1592,189,'Kooijmans',0),(1593,189,'Rezek',0),(1594,189,'Buergenthal',0),(1595,191,'Oda',0),(1596,191,'Bedjaoui',0),(1597,191,'Guillaume',0),(1598,191,'Ranjeva',0),(1599,191,'Herczegh',0),(1600,191,'Shi',0),(1601,191,'Fleischhauer',0),(1602,191,'Koroma',0),(1603,191,'Vereshchetin',0),(1604,191,'Higgins',0),(1605,191,'Parra-Aranguren',0),(1606,191,'Kooijmans',0),(1607,191,'Rezek',0),(1608,192,'Oda',0),(1609,192,'Bedjaoui',0),(1610,192,'Guillaume',0),(1611,192,'Ranjeva',0),(1612,192,'Herczegh',0),(1613,192,'Shi',0),(1614,192,'Fleischhauer',0),(1615,192,'Koroma',0),(1616,192,'Vereshchetin',0),(1617,192,'Higgins',0),(1618,192,'Parra- Aranguren',0),(1619,192,'Kooijmans',0),(1620,192,'Rezek',0),(1621,193,'Oda',0),(1622,193,'Bedjaoui',0),(1623,193,'Guillaume',0),(1624,193,'Herczegh',0),(1625,193,'Shi',0),(1626,193,'Fleischhauer',0),(1627,193,'Koroma',0),(1628,193,'Vereshchetin',0),(1629,193,'Higgins',0),(1630,193,'Parra-Aranguren',0),(1631,193,'Kooijmans',0),(1632,194,'Oda',0),(1633,194,'Bedjaoui',0),(1634,194,'Guillaume',0),(1635,194,'Herczegh',0),(1636,194,'Shi',0),(1637,194,'Fleischhauer',0),(1638,194,'Koroma',0),(1639,194,'Vereshchetin',0),(1640,194,'Hicgins',0),(1641,194,'Parra-Aranguren',0),(1642,194,'Kooijmans',0),(1643,194,'Rezek',0),(1644,195,'Oda',0),(1645,195,'Bedjp~oui',0),(1646,195,'Guillaume',0),(1647,195,'Herczegh',0),(1648,195,'Shi',0),(1649,195,'Fleischhauer',0),(1650,195,'Koroma',0),(1651,195,'Vereshchetin',0),(1652,195,'Higgins',0),(1653,195,'Parra-Aranguren',0),(1654,195,'Kooijmans',0),(1655,195,'Rezek',0),(1656,196,'Oda',0),(1657,196,'Bedjaoui',0),(1658,196,'Guillaume',0),(1659,196,'Herczegh',0),(1660,196,'Shi',0),(1661,196,'Fleischhauer',0),(1662,196,'Koroma',0),(1663,196,'Vereshchetin',0),(1664,196,'Higgins',0),(1665,196,'Parra-Aranguren',0),(1666,196,'Kooijmans',0),(1667,196,'Rezek',0),(1668,197,'Mbaye',1),(1669,197,'Ajibola',1),(1670,198,'Oda',0),(1671,198,'Bedjaoui',0),(1672,198,'Guillaume',0),(1673,198,'Ranjeva',0),(1674,198,'Herczegh',0),(1675,198,'Shi',0),(1676,198,'Fleischhauer',0),(1677,198,'Koroma',0),(1678,198,'Higgins',0),(1679,198,'Parra-Aranguren',0),(1680,198,'Kooijmans',0),(1681,198,'Rezek',0),(1682,200,'Oda',0),(1683,200,'Bedjaoui',0),(1684,200,'Guillaume',0),(1685,200,'Ranjeva',0),(1686,200,'Herczegh',0),(1687,200,'Shi',0),(1688,200,'Fleischhauer',0),(1689,200,'Koroma',0),(1690,200,'Vereshchetin',0),(1691,200,'Higgins',0),(1692,200,'Parra-Aranguren',0),(1693,200,'Kooijmans',0),(1694,200,'Rezek',0),(1695,200,'Kreca',1),(1696,200,'Duinslaeger',1),(1697,201,'Oda',0),(1698,201,'Bedjaoui',0),(1699,201,'Guillaume',0),(1700,201,'Ranjeva',0),(1701,201,'Herczegh',0),(1702,201,'Shi',0),(1703,201,'Fleischhauer',0),(1704,201,'Koroma',0),(1705,201,'Vereshchetin',0),(1706,201,'Higgins',0),(1707,201,'Parra-Aranguren',0),(1708,201,'Kooijmans',0),(1709,201,'Rezek',0),(1710,201,'Lalonde',1),(1711,201,'Kreca',1),(1712,203,'Oda',0),(1713,203,'Bedjaoui',0),(1714,203,'Guillaume',0),(1715,203,'Ranjeva',0),(1716,203,'Herczegh',0),(1717,203,'Shi',0),(1718,203,'Fleischhauer',0),(1719,203,'Koroma',0),(1720,203,'Vereshchetin',0),(1721,203,'Higgins',0),(1722,203,'Parra-Aranguren',0),(1723,203,'Kooijmans',0),(1724,203,'Rezek',0),(1725,203,'Kreca',1),(1726,204,'Oda',0),(1727,204,'Bedjaoui',0),(1728,204,'Guillaume',0),(1729,204,'Ranjeva',0),(1730,204,'Herczegh',0),(1731,204,'Shi',0),(1732,204,'Fleischhauer',0),(1733,204,'Koroma',0),(1734,204,'Vereshchetin',0),(1735,204,'Higgins',0),(1736,204,'Parra-Aranguren',0),(1737,204,'Kooijmans',0),(1738,204,'Rezek',0),(1739,204,'Gaja',1),(1740,204,'Icreca',1),(1741,205,'Oda',0),(1742,205,'Bedjaoui',0),(1743,205,'Guillaume',0),(1744,205,'Ranjeva',0),(1745,205,'Herczegh',0),(1746,205,'Shi',0),(1747,205,'Fleischhauer',0),(1748,205,'Koroma',0),(1749,205,'Vereshchetin',0),(1750,205,'Higgins',0),(1751,205,'Parra-Aranguren',0),(1752,205,'Kooijmans',0),(1753,205,'Rezek',0),(1754,205,'Kreca',1),(1755,206,'Oda',0),(1756,206,'Bedjaoui',0),(1757,206,'Guillaume',0),(1758,206,'Ranjeva',0),(1759,206,'Herczegh',0),(1760,206,'Shi',0),(1761,206,'Fleischhauer',0),(1762,206,'Koroma',0),(1763,206,'Vereshchetin',0),(1764,206,'Higgins',0),(1765,206,'Parra-Aranguren',0),(1766,206,'Kooijmans',0),(1767,206,'Rezek',0),(1768,206,'Kreca',1),(1769,207,'Oda',0),(1770,207,'Bedjaoui',0),(1771,207,'Guillaume',0),(1772,207,'Ranjeva',0),(1773,207,'Herczegh',0),(1774,207,'Shi',0),(1775,207,'Fleischhauer',0),(1776,207,'Koroma',0),(1777,207,'Vereshchetin',0),(1778,207,'Higgins',0),(1779,207,'Parra-Aranguren',0),(1780,207,'Kooijmans',0),(1781,207,'Rezek',0),(1782,207,'Kreca',1),(1783,209,'Oda',0),(1784,209,'Bedjaoui',0),(1785,209,'Guillaume',0),(1786,209,'Herczegh',0),(1787,209,'Shi',0),(1788,209,'Fleischhauer',0),(1789,209,'Koroma',0),(1790,209,'Vereshchetin',0),(1791,209,'Parra-Aranguren',0),(1792,209,'Kooijmans',0),(1793,209,'Rezek',0),(1794,209,'Sir Robert Jennings',1),(1795,209,'El-Kosheri',1),(1796,211,'Oda',0),(1797,211,'Bedjaoui',0),(1798,211,'Guillaume',0),(1799,211,'Ranjeva',0),(1800,211,'Herczegh',0),(1801,211,'Shi',0),(1802,212,'Oda',0),(1803,212,'Bedjaoui',0),(1804,212,'Guillaume',0),(1805,212,'Ranjeva',0),(1806,212,'Herczegh',0),(1807,212,'Shi',0),(1808,212,'Fleischhauer',0),(1809,212,'Koroma',0),(1810,212,'Vereshchetin',0),(1811,212,'Higgins',0),(1812,212,'Parra-Aranguren',0),(1813,212,'Kooijmans',0),(1814,212,'Lalonde',1),(1815,212,'Kreca',1),(1816,213,'Oda',0),(1817,213,'Bedjaoui',0),(1818,213,'Guillaume',0),(1819,213,'Ranjeva',0),(1820,213,'Herczegh',0),(1821,213,'Shi',0),(1822,213,'Fleischhauer',0),(1823,213,'Koroma',0),(1824,213,'Vereshchetin',0),(1825,213,'Higgins',0),(1826,213,'Parra-Aranguren',0),(1827,213,'Kooijmans',0),(1828,213,'Kreca',1),(1829,214,'Oda',0),(1830,214,'Bedjaoui',0),(1831,214,'Guillaume',0),(1832,214,'Ranjeva',0),(1833,214,'Herczegh',0),(1834,214,'Shi',0),(1835,214,'Fleischhauer',0),(1836,214,'Koroma',0),(1837,214,'Vereshchetin',0),(1838,214,'Higgins',0),(1839,214,'Parra-Arangcren',0),(1840,214,'Kooijmans',0),(1841,214,'Kreca',1),(1842,215,'Oda',0),(1843,215,'Bedjaoui',0),(1844,215,'Guillaume',0),(1845,215,'Ranjeva',0),(1846,215,'Herczegh',0),(1847,215,'Shi',0),(1848,215,'Fleischhauer',0),(1849,215,'Koroma',0),(1850,215,'Vereshchetin',0),(1851,215,'Higgin~',0),(1852,215,'Parra-Aranguren',0),(1853,215,'Kooijmans',0),(1854,215,'Gaja',1),(1855,215,'Kreca',1),(1856,216,'Oda',0),(1857,216,'Bedjaoui',0),(1858,216,'Guillaume',0),(1859,216,'Ranjeva',0),(1860,216,'Herczegh',0),(1861,216,'Shi',0),(1862,216,'Fleischhauer',0),(1863,216,'Koroma',0),(1864,216,'Vereshchetin',0),(1865,216,'Higgins',0),(1866,216,'Parra-Aranguren',0),(1867,216,'Kooijmans',0),(1868,219,'Oda',0),(1869,219,'Bedjaoui',0),(1870,219,'Guillaume',0),(1871,219,'Ranjeva',0),(1872,219,'Herczegh',0),(1873,219,'Shi',0),(1874,219,'Fleischhauer',0),(1875,219,'Koroma',0),(1876,219,'Vereshchetin',0),(1877,219,'Higgins',0),(1878,219,'Parra-Aranguren',0),(1879,219,'Kooijmans',0),(1880,219,'Kreca',1),(1881,220,'Oda',0),(1882,220,'Bedjaoui',0),(1883,220,'Guillaume',0),(1884,220,'Ranjeva',0),(1885,220,'Herczegh',0),(1886,220,'Shi',0),(1887,220,'Fleischhauer',0),(1888,220,'Koroma',0),(1889,220,'Vereshchetin',0),(1890,220,'Higgins',0),(1891,220,'Parra-Aranguren',0),(1892,220,'Kooijmans',0),(1893,220,'Kreca',1),(1894,221,'Oda',0),(1895,221,'Bedjaoui',0),(1896,221,'Guillaume',0),(1897,221,'Ranjeva',0),(1898,221,'Herczegh',0),(1899,221,'Shi',0),(1900,221,'Fleischhauer',0),(1901,221,'Kouoma',0),(1902,221,'Vereshchetin',0),(1903,221,'Higgins',0),(1904,221,'Parra-Aranguren',0),(1905,221,'Kooijmans',0),(1906,221,'Rezek',0),(1907,222,'Oda',0),(1908,222,'Bedjaoui',0),(1909,222,'Guillaume',0),(1910,222,'Ranjeva',0),(1911,222,'Herczegh',0),(1912,222,'Shi',0),(1913,222,'Fleischhauek',0),(1914,222,'Kokoma',0),(1915,222,'Vereshchetin',0),(1916,222,'Higgins',0),(1917,222,'Parka-Aranguren',0),(1918,222,'Kooijmans',0),(1919,222,'Mbaye',1),(1920,222,'Ajibola',1),(1921,223,'Oda',0),(1922,223,'Guillaume',0),(1923,223,'Ranjeva',0),(1924,223,'Herczegh',0),(1925,223,'Shi',0),(1926,223,'Fleisc\'hhauer',0),(1927,223,'Koroma',0),(1928,223,'Vereshchetin',0),(1929,223,'Higgins',0),(1930,223,'Parra- Arangliren',0),(1931,223,'Kooijmans',0),(1932,223,'Rezek',0),(1933,224,'Oda',0),(1934,224,'Guillaume',0),(1935,224,'Ranjeva',0),(1936,224,'Herczegh',0),(1937,224,'Shi',0),(1938,224,'Fleischhauer',0),(1939,224,'Koroma',0),(1940,224,'Vereshchetin',0),(1941,224,'Higgins',0),(1942,224,'Parra- Aranguren',0),(1943,224,'Kooijmans',0),(1944,224,'Rezek',0),(1945,225,'Oda',0),(1946,225,'Guillaume',0),(1947,225,'Ranjeva',0),(1948,225,'Herczegh',0),(1949,225,'Shi',0),(1950,225,'Fleischhauer',0),(1951,225,'Koroma',0),(1952,225,'Vereshchetin',0),(1953,225,'Higgins',0),(1954,225,'Parra-Aranguren',0),(1955,225,'Kooij- Mans',0),(1956,225,'Rezek',0),(1957,226,'Oda',0),(1958,226,'Bedjaoui',0),(1959,226,'Guillaume',0),(1960,226,'Ranjeva',0),(1961,226,'Herczegh',0),(1962,226,'Shi',0),(1963,226,'Fleisch- Hauer',0),(1964,226,'Koroma',0),(1965,226,'Vereshchetin',0),(1966,226,'Higgins',0),(1967,226,'Parra-Aranguren',0),(1968,226,'Kooijmans',0),(1969,226,'Rezek',0),(1970,226,'Torres Bernardez',1),(1971,229,'Oda',0),(1972,229,'Bedjaoui',0),(1973,229,'Guillaume',0),(1974,229,'Ranjeva',0),(1975,229,'Herczegh',0),(1976,229,'Shi',0),(1977,229,'Fleischhauer',0),(1978,229,'Koroma',0),(1979,229,'Vereshchetin',0),(1980,229,'Higgins',0),(1981,229,'Parra- Aranguren',0),(1982,229,'Kooijmans',0),(1983,229,'Rezek',0),(1984,230,'Oda',0),(1985,230,'Bedjaoui',0),(1986,230,'Guillaume',0),(1987,230,'Ranjeva',0),(1988,230,'Herczegh',0),(1989,230,'Shi',0),(1990,230,'Fleischhauer',0),(1991,230,'Koroma',0),(1992,230,'Vereshchetin',0),(1993,230,'Higgins',0),(1994,230,'Parra-Aranguren',0),(1995,230,'Kooijmans',0),(1996,230,'Rezek',0),(1997,231,'Oda',0),(1998,231,'Bedjaoui',0),(1999,231,'Guillaume',0),(2000,231,'Ranjeva',0),(2001,231,'Herczegh',0),(2002,231,'Shi',0),(2003,231,'Fleischhauer',0),(2004,231,'Koroma',0),(2005,231,'Vereshchetin',0),(2006,231,'Higgins',0),(2007,231,'Parra-Aranguren',0),(2008,231,'Kooiimans',0),(2009,231,'Rezek',0),(2010,231,'Lalonde',1),(2011,231,'Torres Bernardez',1),(2012,232,'Oda',0),(2013,232,'Bedjaoui',0),(2014,232,'Guillaume',0),(2015,232,'Ranjeva',0),(2016,232,'Herczegh',0),(2017,232,'Shi',0),(2018,232,'Fleischhauer',0),(2019,232,'Koroma',0),(2020,232,'Vereshchetin',0),(2021,232,'Higgins',0),(2022,232,'Parra- Aranguren',0),(2023,232,'Kooijmans',0),(2024,232,'Rezek',0),(2025,233,'Oda',0),(2026,233,'Bedjaoui',0),(2027,233,'Guillaume',0),(2028,233,'Ranjeva',0),(2029,233,'Herczegh',0),(2030,233,'Shi',0),(2031,233,'Fleischhauer',0),(2032,233,'Koroma',0),(2033,233,'Vereshchetin',0),(2034,233,'Higgins',0),(2035,233,'Parra-Aranguren',0),(2036,233,'Kooijmans',0),(2037,233,'Rezek',0),(2038,235,'Oda',0),(2039,235,'Bedjaoui',0),(2040,235,'Guillaume',0),(2041,235,'Ranjeva',0),(2042,235,'Herczegh',0),(2043,235,'Shi',0),(2044,235,'Fleischhauer',0),(2045,235,'Koroma',0),(2046,235,'Vereshchetin',0),(2047,235,'Higgins',0),(2048,235,'Parra- Aranguren',0),(2049,235,'Kooijmans',0),(2050,235,'Rezek',0),(2051,236,'Oda',0),(2052,236,'Bedjaoui',0),(2053,236,'Guillaume',0),(2054,236,'Ranjeva',0),(2055,236,'Herczegh',0),(2056,236,'Shi',0),(2057,236,'Fleischhauer',0),(2058,236,'Koroma',0),(2059,236,'Vereshchetin',0),(2060,236,'Higgins',0),(2061,236,'Parra-Aranguren',0),(2062,236,'Kooijmans',0),(2063,236,'Rezek',0),(2064,236,'Mbaye',1),(2065,236,'Ajibola',1),(2066,239,'Oda',0),(2067,239,'Bedjaoui',0),(2068,239,'Guillaume',0),(2069,239,'Ranjeva',0),(2070,239,'Herczegh',0),(2071,239,'Shi',0),(2072,239,'Fleischhauer',0),(2073,239,'Koroma',0),(2074,239,'Vereshchetin',0),(2075,239,'Higgins',0),(2076,239,'Parra-Aranguren',0),(2077,239,'Kooijmans',0),(2078,239,'Rezek',0),(2079,242,'Oda',0),(2080,242,'Bedjaoui',0),(2081,242,'Guillaume',0),(2082,242,'Ranjeva',0),(2083,242,'Herczegh',0),(2084,242,'Shi',0),(2085,242,'Fleischhauer',0),(2086,242,'Koroma',0),(2087,242,'Vereshchetin',0),(2088,242,'Parra-Aranguren',0),(2089,242,'Kooijmans',0),(2090,242,'Rezek',0),(2091,242,'Sir Robert Jennings',1),(2092,242,'El-Kosheri',1),(2093,243,'Oda',0),(2094,243,'Bedjaoui',0),(2095,243,'Guillaume',0),(2096,243,'Ranjeva',0),(2097,243,'Herczegh',0),(2098,243,'Shi',0),(2099,243,'Fleischhauer',0),(2100,243,'Koroma',0),(2101,243,'Vereshchetin',0),(2102,243,'Parra-Aranguren',0),(2103,243,'Kooijmans',0),(2104,243,'Rezek',0),(2105,243,'El- Kosheri',1),(2106,244,'Oda',0),(2107,244,'Bedjaoui',0),(2108,244,'Guillaume',0),(2109,244,'Ranjeva',0),(2110,244,'Herczegh',0),(2111,244,'Shi',0),(2112,244,'Fleischhauer',0),(2113,244,'Koroma',0),(2114,244,'Vereshchetin',0),(2115,244,'Higgins',0),(2116,244,'Parra-Aranguren',0),(2117,244,'Kooijmans',0),(2118,244,'Rezek',0),(2119,244,'Rigaux',1),(2120,245,'Oda',0),(2121,245,'Bedjaoui',0),(2122,245,'Guillaume',0),(2123,245,'Ranjeva',0),(2124,245,'Herczegh',0),(2125,245,'Shi',0),(2126,245,'Fleisch- Hauer',0),(2127,245,'Koroma',0),(2128,245,'Vereshchetin',0),(2129,245,'Parra-Aranguren',0),(2130,245,'Kooijmans',0),(2131,245,'Rezek',0),(2132,245,'Sir Robert Jennings',1),(2133,245,'El-Kosheri',1),(2134,246,'Oda',0),(2135,246,'Bedjaoui',0),(2136,246,'Guillaume',0),(2137,246,'Ranjeva',0),(2138,246,'Herczegh',0),(2139,246,'Shi',0),(2140,246,'Fleischhauer',0),(2141,246,'Koroma',0),(2142,246,'Vereshchetin',0),(2143,246,'Parra-Aranguren',0),(2144,246,'Kooijmans',0),(2145,246,'Rezek',0),(2146,246,'El-Kosheri',1),(2147,247,'Oda',0),(2148,247,'Bedjaoui',0),(2149,247,'Guillaume',0),(2150,247,'Ranjeva',0),(2151,247,'Herczegh',0),(2152,247,'Shi',0),(2153,247,'Fleisch- Hauer',0),(2154,247,'Koroma',0),(2155,247,'Vereshchetin',0),(2156,247,'Higgins',0),(2157,247,'Parra-Aranguren',0),(2158,247,'Kooijmans',0),(2159,250,'Oda',0),(2160,250,'Bediaoui',0),(2161,250,'Guillaume',0),(2162,250,'Ranjeva',0),(2163,250,'Herczegh',0),(2164,250,'Shi',0),(2165,250,'Fleischhauer',0),(2166,250,'Koroma',0),(2167,250,'Vereshchetin',0),(2168,250,'Parra-Aranguren',0),(2169,250,'Kooijmans',0),(2170,250,'Rezek',0),(2171,250,'Skubiszewski',1),(2172,253,'Oda',0),(2173,253,'Guillaume',0),(2174,253,'Shahabuddeen',0),(2175,253,'Weeramantry',0),(2176,253,'Ranjeva',0),(2177,253,'Herczegh',0),(2178,253,'Shi',0),(2179,253,'Fleischhauer',0),(2180,253,'Koroma',0),(2181,253,'Vereshchetin',0),(2182,253,'Ferrari Bravo',0),(2183,253,'Higgins',0),(2184,253,'Parra-Aranguren',0),(2185,253,'Rigaux',1),(2186,256,'Oda',0),(2187,256,'Guillaume',0),(2188,256,'Shahabuddeen',0),(2189,256,'Weeramantry',0),(2190,256,'Ranjeva',0),(2191,256,'Herczegh',0),(2192,256,'Shi',0),(2193,256,'Koroma',0),(2194,256,'Vereshchetin',0),(2195,256,'Ferrari Bravo',0),(2196,256,'Parra-Aranguren',0),(2197,256,'Lauterpacht',1),(2198,256,'Kreca',1),(2199,257,'Oda',0),(2200,257,'Guillaume',0),(2201,257,'Shahabuddeen',0),(2202,257,'Weeramantry',0),(2203,257,'Ranjeva',0),(2204,257,'Herczegh',0),(2205,257,'Shi',0),(2206,257,'Fleischhauer',0),(2207,257,'Koroma',0),(2208,257,'Vereshchetin',0),(2209,257,'Ferrari Bravo',0),(2210,257,'Higgins',0),(2211,258,'Oda',0),(2212,258,'Guillaume',0),(2213,258,'Shahabuddeen',0),(2214,258,'Weeramantry',0),(2215,258,'Ranjeva',0),(2216,258,'Herczegh',0),(2217,258,'Shi',0),(2218,258,'Fleischhauer',0),(2219,258,'Koroma',0),(2220,258,'Vereshchetin',0),(2221,258,'Ferrari Bravo',0),(2222,258,'Higgins',0),(2223,259,'Oda',0),(2224,259,'Guillaume',0),(2225,259,'Shahabuddeen',0),(2226,259,'Weeramantry',0),(2227,259,'Ranjeva',0),(2228,259,'Herczegh',0),(2229,259,'Shi',0),(2230,259,'Fleischhauer',0),(2231,259,'Koroma',0),(2232,259,'Vereshchetin',0),(2233,259,'Ferrari Bravo',0),(2234,259,'Higgins',0),(2235,259,'Parra-Aranguren',0),(2236,261,'Oda',0),(2237,261,'Guillaume',0),(2238,261,'Shahabuddeen',0),(2239,261,'Weeramantry',0),(2240,261,'Ranjeva',0),(2241,261,'Herc- Zegh',0),(2242,261,'Shi',0),(2243,261,'Fleischhauer',0),(2244,261,'Koroma',0),(2245,261,'Vereshchetin',0),(2246,261,'Ferrari Bravo',0),(2247,261,'Higgins',0),(2248,261,'Parra-Aranguren',0),(2249,261,'Mbaye',1),(2250,261,'Ajibola',1),(2251,263,'Oda',0),(2252,263,'Guillaume',0),(2253,263,'Shahabuddeen',0),(2254,263,'Weeramantry',0),(2255,263,'Ranjeva',0),(2256,263,'Herczegh',0),(2257,263,'Shi',0),(2258,263,'Fleischhauer',0),(2259,263,'Koroma',0),(2260,263,'Vereshchetin',0),(2261,263,'Ferrari Bravo',0),(2262,263,'Higgins',0),(2263,265,'Oda',0),(2264,265,'Guillaume',0),(2265,265,'Shahabuddeen',0),(2266,265,'Weeramantry',0),(2267,265,'Ranjeva',0),(2268,265,'Herczegh',0),(2269,265,'Shi',0),(2270,265,'Fleischhauer',0),(2271,265,'Koroma',0),(2272,265,'Vereshchetin',0),(2273,265,'Ferrari Bravo',0),(2274,265,'Higgins',0),(2275,266,'Oda',0),(2276,266,'Guillaume',0),(2277,266,'Shahabuddeen',0),(2278,266,'Weeramantry',0),(2279,266,'Ranjeva',0),(2280,266,'Herczegh',0),(2281,266,'Shi',0),(2282,266,'Fleischhauer',0),(2283,266,'Koroma',0),(2284,266,'Vereshchetin',0),(2285,266,'Ferrari Bravo',0),(2286,268,'Oda',0),(2287,268,'Guillaume',0),(2288,268,'Shahabuddeen',0),(2289,268,'Weeramantry',0),(2290,268,'Ranjeva',0),(2291,268,'Herczegh',0),(2292,268,'Shi',0),(2293,268,'Fleischhauer',0),(2294,268,'Koroma',0),(2295,268,'Vereshchetin',0),(2296,268,'Ferrari Bravo',0),(2297,268,'Higgins',0),(2298,268,'Sir Geoffrey Palmer',1),(2299,270,'Oda',0),(2300,270,'Sir Robert Jennings',0),(2301,270,'Guillaume',0),(2302,270,'Shahabuddeen',0),(2303,270,'Aguilar-Mawdsley',0),(2304,270,'Weeramantry',0),(2305,270,'Ranjeva',0),(2306,270,'Herczegh',0),(2307,270,'Shi',0),(2308,270,'Fleischhauer',0),(2309,270,'Koroma',0),(2310,270,'Vereshchetin',0),(2311,270,'Sir Ninian Stephen',1),(2312,270,'Skubiszewski',1),(2313,274,'Oda',0),(2314,274,'Sir Robert Jennings',0),(2315,274,'Guillaume',0),(2316,274,'Shahabuddeen',0),(2317,274,'Aguilar-Mawdsley',0),(2318,274,'Weeramantry',0),(2319,274,'Ranjeva',0),(2320,274,'Herczegh',0),(2321,274,'Shi',0),(2322,274,'Fleischhauer',0),(2323,274,'Koroma',0),(2324,274,'Valticos',1),(2325,274,'Torres Bernardez',1),(2326,275,'Oda',0),(2327,275,'Sir Robert Jennings',0),(2328,275,'Guillaume',0),(2329,275,'Shahabuddeen',0),(2330,275,'Aguilar Mawdsley',0),(2331,275,'Weeramantry',0),(2332,275,'Ranjeva',0),(2333,275,'Herczegh',0),(2334,275,'Shi',0),(2335,275,'Fleischhauer',0),(2336,275,'Koroma',0),(2337,275,'Vereshchetin',0);
/*!40000 ALTER TABLE `court_judges` ENABLE KEYS */;
UNLOCK TABLES;

--
-- Temporary view structure for view `judges_for_cases`
--

DROP TABLE IF EXISTS `judges_for_cases`;
/*!50001 DROP VIEW IF EXISTS `judges_for_cases`*/;
SET @saved_cs_client     = @@character_set_client;
SET character_set_client = utf8;
/*!50001 CREATE VIEW `judges_for_cases` AS SELECT 
 1 AS `number`,
 1 AS `ruling`,
 1 AS `judge`,
 1 AS `ad_hoc`*/;
SET character_set_client = @saved_cs_client;

--
-- Final view structure for view `judges_for_cases`
--

/*!50001 DROP VIEW IF EXISTS `judges_for_cases`*/;
/*!50001 SET @saved_cs_client          = @@character_set_client */;
/*!50001 SET @saved_cs_results         = @@character_set_results */;
/*!50001 SET @saved_col_connection     = @@collation_connection */;
/*!50001 SET character_set_client      = utf8 */;
/*!50001 SET character_set_results     = utf8 */;
/*!50001 SET collation_connection      = utf8_general_ci */;
/*!50001 CREATE ALGORITHM=UNDEFINED */
/*!50013 DEFINER=`root`@`localhost` SQL SECURITY DEFINER */
/*!50001 VIEW `judges_for_cases` AS select `case`.`number` AS `number`,`case`.`ruling` AS `ruling`,`court_judges`.`judge` AS `judge`,`court_judges`.`ad_hoc` AS `ad_hoc` from (`case` join `court_judges` on((`case`.`idcase` = `court_judges`.`caseid`))) */;
/*!50001 SET character_set_client      = @saved_cs_client */;
/*!50001 SET character_set_results     = @saved_cs_results */;
/*!50001 SET collation_connection      = @saved_col_connection */;
/*!40103 SET TIME_ZONE=@OLD_TIME_ZONE */;

/*!40101 SET SQL_MODE=@OLD_SQL_MODE */;
/*!40014 SET FOREIGN_KEY_CHECKS=@OLD_FOREIGN_KEY_CHECKS */;
/*!40014 SET UNIQUE_CHECKS=@OLD_UNIQUE_CHECKS */;
/*!40101 SET CHARACTER_SET_CLIENT=@OLD_CHARACTER_SET_CLIENT */;
/*!40101 SET CHARACTER_SET_RESULTS=@OLD_CHARACTER_SET_RESULTS */;
/*!40101 SET COLLATION_CONNECTION=@OLD_COLLATION_CONNECTION */;
/*!40111 SET SQL_NOTES=@OLD_SQL_NOTES */;

-- Dump completed on 2015-06-27 15:42:27
